--
-- PostgreSQL database dump
--

-- Dumped from database version 14.18 (Homebrew)
-- Dumped by pg_dump version 14.18 (Homebrew)

SET statement_timeout = 0;
SET lock_timeout = 0;
SET idle_in_transaction_session_timeout = 0;
SET client_encoding = 'UTF8';
SET standard_conforming_strings = on;
SELECT pg_catalog.set_config('search_path', '', false);
SET check_function_bodies = false;
SET xmloption = content;
SET client_min_messages = warning;
SET row_security = off;

SET default_tablespace = '';

SET default_table_access_method = heap;

--
-- Name: auth_group; Type: TABLE; Schema: public; Owner: dev
--

CREATE TABLE public.auth_group (
    id integer NOT NULL,
    name character varying(150) NOT NULL
);


ALTER TABLE public.auth_group OWNER TO dev;

--
-- Name: auth_group_id_seq; Type: SEQUENCE; Schema: public; Owner: dev
--

ALTER TABLE public.auth_group ALTER COLUMN id ADD GENERATED BY DEFAULT AS IDENTITY (
    SEQUENCE NAME public.auth_group_id_seq
    START WITH 1
    INCREMENT BY 1
    NO MINVALUE
    NO MAXVALUE
    CACHE 1
);


--
-- Name: auth_group_permissions; Type: TABLE; Schema: public; Owner: dev
--

CREATE TABLE public.auth_group_permissions (
    id bigint NOT NULL,
    group_id integer NOT NULL,
    permission_id integer NOT NULL
);


ALTER TABLE public.auth_group_permissions OWNER TO dev;

--
-- Name: auth_group_permissions_id_seq; Type: SEQUENCE; Schema: public; Owner: dev
--

ALTER TABLE public.auth_group_permissions ALTER COLUMN id ADD GENERATED BY DEFAULT AS IDENTITY (
    SEQUENCE NAME public.auth_group_permissions_id_seq
    START WITH 1
    INCREMENT BY 1
    NO MINVALUE
    NO MAXVALUE
    CACHE 1
);


--
-- Name: auth_permission; Type: TABLE; Schema: public; Owner: dev
--

CREATE TABLE public.auth_permission (
    id integer NOT NULL,
    name character varying(255) NOT NULL,
    content_type_id integer NOT NULL,
    codename character varying(100) NOT NULL
);


ALTER TABLE public.auth_permission OWNER TO dev;

--
-- Name: auth_permission_id_seq; Type: SEQUENCE; Schema: public; Owner: dev
--

ALTER TABLE public.auth_permission ALTER COLUMN id ADD GENERATED BY DEFAULT AS IDENTITY (
    SEQUENCE NAME public.auth_permission_id_seq
    START WITH 1
    INCREMENT BY 1
    NO MINVALUE
    NO MAXVALUE
    CACHE 1
);


--
-- Name: auth_user; Type: TABLE; Schema: public; Owner: dev
--

CREATE TABLE public.auth_user (
    id integer NOT NULL,
    password character varying(128) NOT NULL,
    last_login timestamp with time zone,
    is_superuser boolean NOT NULL,
    username character varying(150) NOT NULL,
    first_name character varying(150) NOT NULL,
    last_name character varying(150) NOT NULL,
    email character varying(254) NOT NULL,
    is_staff boolean NOT NULL,
    is_active boolean NOT NULL,
    date_joined timestamp with time zone NOT NULL
);


ALTER TABLE public.auth_user OWNER TO dev;

--
-- Name: auth_user_groups; Type: TABLE; Schema: public; Owner: dev
--

CREATE TABLE public.auth_user_groups (
    id bigint NOT NULL,
    user_id integer NOT NULL,
    group_id integer NOT NULL
);


ALTER TABLE public.auth_user_groups OWNER TO dev;

--
-- Name: auth_user_groups_id_seq; Type: SEQUENCE; Schema: public; Owner: dev
--

ALTER TABLE public.auth_user_groups ALTER COLUMN id ADD GENERATED BY DEFAULT AS IDENTITY (
    SEQUENCE NAME public.auth_user_groups_id_seq
    START WITH 1
    INCREMENT BY 1
    NO MINVALUE
    NO MAXVALUE
    CACHE 1
);


--
-- Name: auth_user_id_seq; Type: SEQUENCE; Schema: public; Owner: dev
--

ALTER TABLE public.auth_user ALTER COLUMN id ADD GENERATED BY DEFAULT AS IDENTITY (
    SEQUENCE NAME public.auth_user_id_seq
    START WITH 1
    INCREMENT BY 1
    NO MINVALUE
    NO MAXVALUE
    CACHE 1
);


--
-- Name: auth_user_user_permissions; Type: TABLE; Schema: public; Owner: dev
--

CREATE TABLE public.auth_user_user_permissions (
    id bigint NOT NULL,
    user_id integer NOT NULL,
    permission_id integer NOT NULL
);


ALTER TABLE public.auth_user_user_permissions OWNER TO dev;

--
-- Name: auth_user_user_permissions_id_seq; Type: SEQUENCE; Schema: public; Owner: dev
--

ALTER TABLE public.auth_user_user_permissions ALTER COLUMN id ADD GENERATED BY DEFAULT AS IDENTITY (
    SEQUENCE NAME public.auth_user_user_permissions_id_seq
    START WITH 1
    INCREMENT BY 1
    NO MINVALUE
    NO MAXVALUE
    CACHE 1
);


--
-- Name: authtoken_token; Type: TABLE; Schema: public; Owner: dev
--

CREATE TABLE public.authtoken_token (
    key character varying(40) NOT NULL,
    created timestamp with time zone NOT NULL,
    user_id integer NOT NULL
);


ALTER TABLE public.authtoken_token OWNER TO dev;

--
-- Name: django_admin_log; Type: TABLE; Schema: public; Owner: dev
--

CREATE TABLE public.django_admin_log (
    id integer NOT NULL,
    action_time timestamp with time zone NOT NULL,
    object_id text,
    object_repr character varying(200) NOT NULL,
    action_flag smallint NOT NULL,
    change_message text NOT NULL,
    content_type_id integer,
    user_id integer NOT NULL,
    CONSTRAINT django_admin_log_action_flag_check CHECK ((action_flag >= 0))
);


ALTER TABLE public.django_admin_log OWNER TO dev;

--
-- Name: django_admin_log_id_seq; Type: SEQUENCE; Schema: public; Owner: dev
--

ALTER TABLE public.django_admin_log ALTER COLUMN id ADD GENERATED BY DEFAULT AS IDENTITY (
    SEQUENCE NAME public.django_admin_log_id_seq
    START WITH 1
    INCREMENT BY 1
    NO MINVALUE
    NO MAXVALUE
    CACHE 1
);


--
-- Name: django_celery_beat_clockedschedule; Type: TABLE; Schema: public; Owner: dev
--

CREATE TABLE public.django_celery_beat_clockedschedule (
    id integer NOT NULL,
    clocked_time timestamp with time zone NOT NULL
);


ALTER TABLE public.django_celery_beat_clockedschedule OWNER TO dev;

--
-- Name: django_celery_beat_clockedschedule_id_seq; Type: SEQUENCE; Schema: public; Owner: dev
--

ALTER TABLE public.django_celery_beat_clockedschedule ALTER COLUMN id ADD GENERATED BY DEFAULT AS IDENTITY (
    SEQUENCE NAME public.django_celery_beat_clockedschedule_id_seq
    START WITH 1
    INCREMENT BY 1
    NO MINVALUE
    NO MAXVALUE
    CACHE 1
);


--
-- Name: django_celery_beat_crontabschedule; Type: TABLE; Schema: public; Owner: dev
--

CREATE TABLE public.django_celery_beat_crontabschedule (
    id integer NOT NULL,
    minute character varying(240) NOT NULL,
    hour character varying(96) NOT NULL,
    day_of_week character varying(64) NOT NULL,
    day_of_month character varying(124) NOT NULL,
    month_of_year character varying(64) NOT NULL,
    timezone character varying(63) NOT NULL
);


ALTER TABLE public.django_celery_beat_crontabschedule OWNER TO dev;

--
-- Name: django_celery_beat_crontabschedule_id_seq; Type: SEQUENCE; Schema: public; Owner: dev
--

ALTER TABLE public.django_celery_beat_crontabschedule ALTER COLUMN id ADD GENERATED BY DEFAULT AS IDENTITY (
    SEQUENCE NAME public.django_celery_beat_crontabschedule_id_seq
    START WITH 1
    INCREMENT BY 1
    NO MINVALUE
    NO MAXVALUE
    CACHE 1
);


--
-- Name: django_celery_beat_intervalschedule; Type: TABLE; Schema: public; Owner: dev
--

CREATE TABLE public.django_celery_beat_intervalschedule (
    id integer NOT NULL,
    every integer NOT NULL,
    period character varying(24) NOT NULL
);


ALTER TABLE public.django_celery_beat_intervalschedule OWNER TO dev;

--
-- Name: django_celery_beat_intervalschedule_id_seq; Type: SEQUENCE; Schema: public; Owner: dev
--

ALTER TABLE public.django_celery_beat_intervalschedule ALTER COLUMN id ADD GENERATED BY DEFAULT AS IDENTITY (
    SEQUENCE NAME public.django_celery_beat_intervalschedule_id_seq
    START WITH 1
    INCREMENT BY 1
    NO MINVALUE
    NO MAXVALUE
    CACHE 1
);


--
-- Name: django_celery_beat_periodictask; Type: TABLE; Schema: public; Owner: dev
--

CREATE TABLE public.django_celery_beat_periodictask (
    id integer NOT NULL,
    name character varying(200) NOT NULL,
    task character varying(200) NOT NULL,
    args text NOT NULL,
    kwargs text NOT NULL,
    queue character varying(200),
    exchange character varying(200),
    routing_key character varying(200),
    expires timestamp with time zone,
    enabled boolean NOT NULL,
    last_run_at timestamp with time zone,
    total_run_count integer NOT NULL,
    date_changed timestamp with time zone NOT NULL,
    description text NOT NULL,
    crontab_id integer,
    interval_id integer,
    solar_id integer,
    one_off boolean NOT NULL,
    start_time timestamp with time zone,
    priority integer,
    headers text NOT NULL,
    clocked_id integer,
    expire_seconds integer,
    CONSTRAINT django_celery_beat_periodictask_expire_seconds_check CHECK ((expire_seconds >= 0)),
    CONSTRAINT django_celery_beat_periodictask_priority_check CHECK ((priority >= 0)),
    CONSTRAINT django_celery_beat_periodictask_total_run_count_check CHECK ((total_run_count >= 0))
);


ALTER TABLE public.django_celery_beat_periodictask OWNER TO dev;

--
-- Name: django_celery_beat_periodictask_id_seq; Type: SEQUENCE; Schema: public; Owner: dev
--

ALTER TABLE public.django_celery_beat_periodictask ALTER COLUMN id ADD GENERATED BY DEFAULT AS IDENTITY (
    SEQUENCE NAME public.django_celery_beat_periodictask_id_seq
    START WITH 1
    INCREMENT BY 1
    NO MINVALUE
    NO MAXVALUE
    CACHE 1
);


--
-- Name: django_celery_beat_periodictasks; Type: TABLE; Schema: public; Owner: dev
--

CREATE TABLE public.django_celery_beat_periodictasks (
    ident smallint NOT NULL,
    last_update timestamp with time zone NOT NULL
);


ALTER TABLE public.django_celery_beat_periodictasks OWNER TO dev;

--
-- Name: django_celery_beat_solarschedule; Type: TABLE; Schema: public; Owner: dev
--

CREATE TABLE public.django_celery_beat_solarschedule (
    id integer NOT NULL,
    event character varying(24) NOT NULL,
    latitude numeric(9,6) NOT NULL,
    longitude numeric(9,6) NOT NULL
);


ALTER TABLE public.django_celery_beat_solarschedule OWNER TO dev;

--
-- Name: django_celery_beat_solarschedule_id_seq; Type: SEQUENCE; Schema: public; Owner: dev
--

ALTER TABLE public.django_celery_beat_solarschedule ALTER COLUMN id ADD GENERATED BY DEFAULT AS IDENTITY (
    SEQUENCE NAME public.django_celery_beat_solarschedule_id_seq
    START WITH 1
    INCREMENT BY 1
    NO MINVALUE
    NO MAXVALUE
    CACHE 1
);


--
-- Name: django_content_type; Type: TABLE; Schema: public; Owner: dev
--

CREATE TABLE public.django_content_type (
    id integer NOT NULL,
    app_label character varying(100) NOT NULL,
    model character varying(100) NOT NULL
);


ALTER TABLE public.django_content_type OWNER TO dev;

--
-- Name: django_content_type_id_seq; Type: SEQUENCE; Schema: public; Owner: dev
--

ALTER TABLE public.django_content_type ALTER COLUMN id ADD GENERATED BY DEFAULT AS IDENTITY (
    SEQUENCE NAME public.django_content_type_id_seq
    START WITH 1
    INCREMENT BY 1
    NO MINVALUE
    NO MAXVALUE
    CACHE 1
);


--
-- Name: django_migrations; Type: TABLE; Schema: public; Owner: dev
--

CREATE TABLE public.django_migrations (
    id bigint NOT NULL,
    app character varying(255) NOT NULL,
    name character varying(255) NOT NULL,
    applied timestamp with time zone NOT NULL
);


ALTER TABLE public.django_migrations OWNER TO dev;

--
-- Name: django_migrations_id_seq; Type: SEQUENCE; Schema: public; Owner: dev
--

ALTER TABLE public.django_migrations ALTER COLUMN id ADD GENERATED BY DEFAULT AS IDENTITY (
    SEQUENCE NAME public.django_migrations_id_seq
    START WITH 1
    INCREMENT BY 1
    NO MINVALUE
    NO MAXVALUE
    CACHE 1
);


--
-- Name: django_session; Type: TABLE; Schema: public; Owner: dev
--

CREATE TABLE public.django_session (
    session_key character varying(40) NOT NULL,
    session_data text NOT NULL,
    expire_date timestamp with time zone NOT NULL
);


ALTER TABLE public.django_session OWNER TO dev;

--
-- Name: image_upload_archiveconfig; Type: TABLE; Schema: public; Owner: dev
--

CREATE TABLE public.image_upload_archiveconfig (
    id bigint NOT NULL,
    archive_after_days integer NOT NULL,
    CONSTRAINT image_upload_archiveconfig_archive_after_days_check CHECK ((archive_after_days >= 0))
);


ALTER TABLE public.image_upload_archiveconfig OWNER TO dev;

--
-- Name: image_upload_archiveconfig_id_seq; Type: SEQUENCE; Schema: public; Owner: dev
--

ALTER TABLE public.image_upload_archiveconfig ALTER COLUMN id ADD GENERATED BY DEFAULT AS IDENTITY (
    SEQUENCE NAME public.image_upload_archiveconfig_id_seq
    START WITH 1
    INCREMENT BY 1
    NO MINVALUE
    NO MAXVALUE
    CACHE 1
);


--
-- Name: image_upload_rating; Type: TABLE; Schema: public; Owner: dev
--

CREATE TABLE public.image_upload_rating (
    id bigint NOT NULL,
    score integer NOT NULL,
    image_id bigint NOT NULL,
    user_id integer NOT NULL
);


ALTER TABLE public.image_upload_rating OWNER TO dev;

--
-- Name: image_upload_rating_id_seq; Type: SEQUENCE; Schema: public; Owner: dev
--

ALTER TABLE public.image_upload_rating ALTER COLUMN id ADD GENERATED BY DEFAULT AS IDENTITY (
    SEQUENCE NAME public.image_upload_rating_id_seq
    START WITH 1
    INCREMENT BY 1
    NO MINVALUE
    NO MAXVALUE
    CACHE 1
);


--
-- Name: images_cronjoblog; Type: TABLE; Schema: public; Owner: dev
--

CREATE TABLE public.images_cronjoblog (
    id bigint NOT NULL
);


ALTER TABLE public.images_cronjoblog OWNER TO dev;

--
-- Name: images_cronjoblog_id_seq; Type: SEQUENCE; Schema: public; Owner: dev
--

ALTER TABLE public.images_cronjoblog ALTER COLUMN id ADD GENERATED BY DEFAULT AS IDENTITY (
    SEQUENCE NAME public.images_cronjoblog_id_seq
    START WITH 1
    INCREMENT BY 1
    NO MINVALUE
    NO MAXVALUE
    CACHE 1
);


--
-- Name: images_image; Type: TABLE; Schema: public; Owner: dev
--

CREATE TABLE public.images_image (
    id bigint NOT NULL,
    location character varying(100) NOT NULL,
    image character varying(100) NOT NULL,
    approved boolean NOT NULL,
    title character varying(100) NOT NULL,
    description text NOT NULL,
    uploaded_at timestamp with time zone NOT NULL,
    archived boolean NOT NULL
);


ALTER TABLE public.images_image OWNER TO dev;

--
-- Name: images_image_id_seq; Type: SEQUENCE; Schema: public; Owner: dev
--

ALTER TABLE public.images_image ALTER COLUMN id ADD GENERATED BY DEFAULT AS IDENTITY (
    SEQUENCE NAME public.images_image_id_seq
    START WITH 1
    INCREMENT BY 1
    NO MINVALUE
    NO MAXVALUE
    CACHE 1
);


--
-- Name: properties; Type: TABLE; Schema: public; Owner: dev
--

CREATE TABLE public.properties (
    id integer NOT NULL,
    name character varying(255) NOT NULL,
    description text,
    price numeric(10,2),
    address character varying(255),
    owner_id integer,
    created_at timestamp without time zone DEFAULT CURRENT_TIMESTAMP
);


ALTER TABLE public.properties OWNER TO dev;

--
-- Name: properties_id_seq; Type: SEQUENCE; Schema: public; Owner: dev
--

CREATE SEQUENCE public.properties_id_seq
    AS integer
    START WITH 1
    INCREMENT BY 1
    NO MINVALUE
    NO MAXVALUE
    CACHE 1;


ALTER TABLE public.properties_id_seq OWNER TO dev;

--
-- Name: properties_id_seq; Type: SEQUENCE OWNED BY; Schema: public; Owner: dev
--

ALTER SEQUENCE public.properties_id_seq OWNED BY public.properties.id;


--
-- Name: reviews; Type: TABLE; Schema: public; Owner: dev
--

CREATE TABLE public.reviews (
    id integer NOT NULL,
    property_id integer,
    user_id integer,
    rating integer,
    comment text,
    created_at timestamp without time zone DEFAULT CURRENT_TIMESTAMP,
    CONSTRAINT reviews_rating_check CHECK (((rating >= 1) AND (rating <= 5)))
);


ALTER TABLE public.reviews OWNER TO dev;

--
-- Name: reviews_id_seq; Type: SEQUENCE; Schema: public; Owner: dev
--

CREATE SEQUENCE public.reviews_id_seq
    AS integer
    START WITH 1
    INCREMENT BY 1
    NO MINVALUE
    NO MAXVALUE
    CACHE 1;


ALTER TABLE public.reviews_id_seq OWNER TO dev;

--
-- Name: reviews_id_seq; Type: SEQUENCE OWNED BY; Schema: public; Owner: dev
--

ALTER SEQUENCE public.reviews_id_seq OWNED BY public.reviews.id;


--
-- Name: token_blacklist_blacklistedtoken; Type: TABLE; Schema: public; Owner: dev
--

CREATE TABLE public.token_blacklist_blacklistedtoken (
    id bigint NOT NULL,
    blacklisted_at timestamp with time zone NOT NULL,
    token_id bigint NOT NULL
);


ALTER TABLE public.token_blacklist_blacklistedtoken OWNER TO dev;

--
-- Name: token_blacklist_blacklistedtoken_id_seq; Type: SEQUENCE; Schema: public; Owner: dev
--

ALTER TABLE public.token_blacklist_blacklistedtoken ALTER COLUMN id ADD GENERATED BY DEFAULT AS IDENTITY (
    SEQUENCE NAME public.token_blacklist_blacklistedtoken_id_seq
    START WITH 1
    INCREMENT BY 1
    NO MINVALUE
    NO MAXVALUE
    CACHE 1
);


--
-- Name: token_blacklist_outstandingtoken; Type: TABLE; Schema: public; Owner: dev
--

CREATE TABLE public.token_blacklist_outstandingtoken (
    id bigint NOT NULL,
    token text NOT NULL,
    created_at timestamp with time zone,
    expires_at timestamp with time zone NOT NULL,
    user_id integer,
    jti character varying(255) NOT NULL
);


ALTER TABLE public.token_blacklist_outstandingtoken OWNER TO dev;

--
-- Name: token_blacklist_outstandingtoken_id_seq; Type: SEQUENCE; Schema: public; Owner: dev
--

ALTER TABLE public.token_blacklist_outstandingtoken ALTER COLUMN id ADD GENERATED BY DEFAULT AS IDENTITY (
    SEQUENCE NAME public.token_blacklist_outstandingtoken_id_seq
    START WITH 1
    INCREMENT BY 1
    NO MINVALUE
    NO MAXVALUE
    CACHE 1
);


--
-- Name: users; Type: TABLE; Schema: public; Owner: dev
--

CREATE TABLE public.users (
    id integer NOT NULL,
    username character varying(100) NOT NULL,
    email character varying(255) NOT NULL,
    password character varying(255) NOT NULL,
    created_at timestamp without time zone DEFAULT CURRENT_TIMESTAMP
);


ALTER TABLE public.users OWNER TO dev;

--
-- Name: users_id_seq; Type: SEQUENCE; Schema: public; Owner: dev
--

CREATE SEQUENCE public.users_id_seq
    AS integer
    START WITH 1
    INCREMENT BY 1
    NO MINVALUE
    NO MAXVALUE
    CACHE 1;


ALTER TABLE public.users_id_seq OWNER TO dev;

--
-- Name: users_id_seq; Type: SEQUENCE OWNED BY; Schema: public; Owner: dev
--

ALTER SEQUENCE public.users_id_seq OWNED BY public.users.id;


--
-- Name: properties id; Type: DEFAULT; Schema: public; Owner: dev
--

ALTER TABLE ONLY public.properties ALTER COLUMN id SET DEFAULT nextval('public.properties_id_seq'::regclass);


--
-- Name: reviews id; Type: DEFAULT; Schema: public; Owner: dev
--

ALTER TABLE ONLY public.reviews ALTER COLUMN id SET DEFAULT nextval('public.reviews_id_seq'::regclass);


--
-- Name: users id; Type: DEFAULT; Schema: public; Owner: dev
--

ALTER TABLE ONLY public.users ALTER COLUMN id SET DEFAULT nextval('public.users_id_seq'::regclass);


--
-- Data for Name: auth_group; Type: TABLE DATA; Schema: public; Owner: dev
--

COPY public.auth_group (id, name) FROM stdin;
\.


--
-- Data for Name: auth_group_permissions; Type: TABLE DATA; Schema: public; Owner: dev
--

COPY public.auth_group_permissions (id, group_id, permission_id) FROM stdin;
\.


--
-- Data for Name: auth_permission; Type: TABLE DATA; Schema: public; Owner: dev
--

COPY public.auth_permission (id, name, content_type_id, codename) FROM stdin;
1	Can add log entry	1	add_logentry
2	Can change log entry	1	change_logentry
3	Can delete log entry	1	delete_logentry
4	Can view log entry	1	view_logentry
5	Can add permission	2	add_permission
6	Can change permission	2	change_permission
7	Can delete permission	2	delete_permission
8	Can view permission	2	view_permission
9	Can add group	3	add_group
10	Can change group	3	change_group
11	Can delete group	3	delete_group
12	Can view group	3	view_group
13	Can add user	4	add_user
14	Can change user	4	change_user
15	Can delete user	4	delete_user
16	Can view user	4	view_user
17	Can add content type	5	add_contenttype
18	Can change content type	5	change_contenttype
19	Can delete content type	5	delete_contenttype
20	Can view content type	5	view_contenttype
21	Can add session	6	add_session
22	Can change session	6	change_session
23	Can delete session	6	delete_session
24	Can view session	6	view_session
25	Can add image	7	add_image
26	Can change image	7	change_image
27	Can delete image	7	delete_image
28	Can view image	7	view_image
29	Can add image	8	add_image
30	Can change image	8	change_image
31	Can delete image	8	delete_image
32	Can view image	8	view_image
33	Can add Token	9	add_token
34	Can change Token	9	change_token
35	Can delete Token	9	delete_token
36	Can view Token	9	view_token
37	Can add Token	10	add_tokenproxy
38	Can change Token	10	change_tokenproxy
39	Can delete Token	10	delete_tokenproxy
40	Can view Token	10	view_tokenproxy
41	Can add blacklisted token	11	add_blacklistedtoken
42	Can change blacklisted token	11	change_blacklistedtoken
43	Can delete blacklisted token	11	delete_blacklistedtoken
44	Can view blacklisted token	11	view_blacklistedtoken
45	Can add outstanding token	12	add_outstandingtoken
46	Can change outstanding token	12	change_outstandingtoken
47	Can delete outstanding token	12	delete_outstandingtoken
48	Can view outstanding token	12	view_outstandingtoken
49	Can add rating	13	add_rating
50	Can change rating	13	change_rating
51	Can delete rating	13	delete_rating
52	Can view rating	13	view_rating
53	Can add archive config	14	add_archiveconfig
54	Can change archive config	14	change_archiveconfig
55	Can delete archive config	14	delete_archiveconfig
56	Can view archive config	14	view_archiveconfig
57	Can add cron job log	15	add_cronjoblog
58	Can change cron job log	15	change_cronjoblog
59	Can delete cron job log	15	delete_cronjoblog
60	Can view cron job log	15	view_cronjoblog
61	Can add crontab	16	add_crontabschedule
62	Can change crontab	16	change_crontabschedule
63	Can delete crontab	16	delete_crontabschedule
64	Can view crontab	16	view_crontabschedule
65	Can add interval	17	add_intervalschedule
66	Can change interval	17	change_intervalschedule
67	Can delete interval	17	delete_intervalschedule
68	Can view interval	17	view_intervalschedule
69	Can add periodic task	18	add_periodictask
70	Can change periodic task	18	change_periodictask
71	Can delete periodic task	18	delete_periodictask
72	Can view periodic task	18	view_periodictask
73	Can add periodic task track	19	add_periodictasks
74	Can change periodic task track	19	change_periodictasks
75	Can delete periodic task track	19	delete_periodictasks
76	Can view periodic task track	19	view_periodictasks
77	Can add solar event	20	add_solarschedule
78	Can change solar event	20	change_solarschedule
79	Can delete solar event	20	delete_solarschedule
80	Can view solar event	20	view_solarschedule
81	Can add clocked	21	add_clockedschedule
82	Can change clocked	21	change_clockedschedule
83	Can delete clocked	21	delete_clockedschedule
84	Can view clocked	21	view_clockedschedule
\.


--
-- Data for Name: auth_user; Type: TABLE DATA; Schema: public; Owner: dev
--

COPY public.auth_user (id, password, last_login, is_superuser, username, first_name, last_name, email, is_staff, is_active, date_joined) FROM stdin;
1	pbkdf2_sha256$1000000$Geg0TVEkjINju5fQej0snZ$/MbgpoiYMCNKznDaNIQyalmt/I6NaiIamfGI3p0xeSk=	2025-05-14 14:00:38.438549+05:30	t	dev			devanandhv227@gmail.com	t	t	2025-05-14 14:00:08.933035+05:30
2	pbkdf2_sha256$1000000$4BPUywIKqFoucnqf4kRGSm$m3+KebO3w/kaFJre1piYZEwhrO2EUcICscdTywai88E=	\N	f	fabro				f	t	2025-05-14 14:02:08+05:30
3	pbkdf2_sha256$1000000$Eqwc7Du1AFoJS1e3WMPqVb$B/uoIHwHJlBjCiXvsDIxm0MFLGt0sBgj8SNr4cTn3Aw=	\N	t	admin			admin@gmail.com	t	t	2025-05-14 14:09:38.854666+05:30
4	pbkdf2_sha256$1000000$GDSNmllPRA3C9cOVfE3PVD$xlIHFchx+arEeqV6gwhjJMybcKBhL3vhAyQxvN3xiRA=	\N	t	hello			hello@gmail.com	t	t	2025-05-14 21:18:25.516917+05:30
\.


--
-- Data for Name: auth_user_groups; Type: TABLE DATA; Schema: public; Owner: dev
--

COPY public.auth_user_groups (id, user_id, group_id) FROM stdin;
\.


--
-- Data for Name: auth_user_user_permissions; Type: TABLE DATA; Schema: public; Owner: dev
--

COPY public.auth_user_user_permissions (id, user_id, permission_id) FROM stdin;
\.


--
-- Data for Name: authtoken_token; Type: TABLE DATA; Schema: public; Owner: dev
--

COPY public.authtoken_token (key, created, user_id) FROM stdin;
03cf958a0553fb35ad2458e98aefcfcad8cec535	2025-05-14 14:09:39.028459+05:30	3
1ec8477925906dcd5cef9968d143d6574a3c8ebb	2025-05-14 14:30:18.696433+05:30	1
\.


--
-- Data for Name: django_admin_log; Type: TABLE DATA; Schema: public; Owner: dev
--

COPY public.django_admin_log (id, action_time, object_id, object_repr, action_flag, change_message, content_type_id, user_id) FROM stdin;
1	2025-05-14 14:02:08.287487+05:30	2	fabro	1	[{"added": {}}]	4	1
2	2025-05-14 14:02:32.257414+05:30	2	fabro	2	[]	4	1
3	2025-05-14 14:30:18.69802+05:30	1	1ec8477925906dcd5cef9968d143d6574a3c8ebb	1	[{"added": {}}]	10	1
4	2025-05-14 20:35:52.359748+05:30	28	images/301848.jpg	1	[{"added": {}}]	8	1
5	2025-05-14 21:27:16.019523+05:30	1	* 1 * * * (m/h/dM/MY/d) UTC	1	[{"added": {}}]	16	1
6	2025-05-14 21:27:42.088128+05:30	1	every hour	1	[{"added": {}}]	17	1
7	2025-05-14 21:28:18.948326+05:30	2	every 10 minutes	1	[{"added": {}}]	17	1
8	2025-05-14 21:28:50.815994+05:30	1	archive mode: every 10 minutes	1	[{"added": {}}]	18	1
9	2025-05-14 23:12:30.052456+05:30	1	2025-05-14 17:45:19+00:00	1	[{"added": {}}]	21	1
10	2025-05-14 23:12:32.321708+05:30	1	archive mode: 2025-05-14 17:45:19+00:00	2	[{"changed": {"fields": ["Task (registered)", "Interval Schedule", "Clocked Schedule", "Start Datetime", "One-off Task", "Expires Datetime"]}}]	18	1
\.


--
-- Data for Name: django_celery_beat_clockedschedule; Type: TABLE DATA; Schema: public; Owner: dev
--

COPY public.django_celery_beat_clockedschedule (id, clocked_time) FROM stdin;
1	2025-05-14 23:15:19+05:30
\.


--
-- Data for Name: django_celery_beat_crontabschedule; Type: TABLE DATA; Schema: public; Owner: dev
--

COPY public.django_celery_beat_crontabschedule (id, minute, hour, day_of_week, day_of_month, month_of_year, timezone) FROM stdin;
1	*	1	*	*	*	UTC
\.


--
-- Data for Name: django_celery_beat_intervalschedule; Type: TABLE DATA; Schema: public; Owner: dev
--

COPY public.django_celery_beat_intervalschedule (id, every, period) FROM stdin;
1	1	hours
2	10	minutes
\.


--
-- Data for Name: django_celery_beat_periodictask; Type: TABLE DATA; Schema: public; Owner: dev
--

COPY public.django_celery_beat_periodictask (id, name, task, args, kwargs, queue, exchange, routing_key, expires, enabled, last_run_at, total_run_count, date_changed, description, crontab_id, interval_id, solar_id, one_off, start_time, priority, headers, clocked_id, expire_seconds) FROM stdin;
1	archive mode	image_upload.tasks.archive_old_images_task	[]	{}	\N	\N	\N	2025-05-14 11:30:00+05:30	t	\N	0	2025-05-14 23:12:32.31875+05:30	archiveafter 10 minutes	\N	\N	\N	t	2025-05-14 05:30:00+05:30	\N	{}	1	\N
\.


--
-- Data for Name: django_celery_beat_periodictasks; Type: TABLE DATA; Schema: public; Owner: dev
--

COPY public.django_celery_beat_periodictasks (ident, last_update) FROM stdin;
1	2025-05-14 23:12:32.31978+05:30
\.


--
-- Data for Name: django_celery_beat_solarschedule; Type: TABLE DATA; Schema: public; Owner: dev
--

COPY public.django_celery_beat_solarschedule (id, event, latitude, longitude) FROM stdin;
\.


--
-- Data for Name: django_content_type; Type: TABLE DATA; Schema: public; Owner: dev
--

COPY public.django_content_type (id, app_label, model) FROM stdin;
1	admin	logentry
2	auth	permission
3	auth	group
4	auth	user
5	contenttypes	contenttype
6	sessions	session
7	image_upload	image
8	images	image
9	authtoken	token
10	authtoken	tokenproxy
11	token_blacklist	blacklistedtoken
12	token_blacklist	outstandingtoken
13	image_upload	rating
14	image_upload	archiveconfig
15	images	cronjoblog
16	django_celery_beat	crontabschedule
17	django_celery_beat	intervalschedule
18	django_celery_beat	periodictask
19	django_celery_beat	periodictasks
20	django_celery_beat	solarschedule
21	django_celery_beat	clockedschedule
\.


--
-- Data for Name: django_migrations; Type: TABLE DATA; Schema: public; Owner: dev
--

COPY public.django_migrations (id, app, name, applied) FROM stdin;
1	contenttypes	0001_initial	2025-05-13 22:01:35.500465+05:30
2	auth	0001_initial	2025-05-13 22:01:35.610157+05:30
3	admin	0001_initial	2025-05-13 22:01:35.632397+05:30
4	admin	0002_logentry_remove_auto_add	2025-05-13 22:01:35.636148+05:30
5	admin	0003_logentry_add_action_flag_choices	2025-05-13 22:01:35.640188+05:30
6	contenttypes	0002_remove_content_type_name	2025-05-13 22:01:35.650317+05:30
7	auth	0002_alter_permission_name_max_length	2025-05-13 22:01:35.654633+05:30
8	auth	0003_alter_user_email_max_length	2025-05-13 22:01:35.658498+05:30
9	auth	0004_alter_user_username_opts	2025-05-13 22:01:35.661653+05:30
10	auth	0005_alter_user_last_login_null	2025-05-13 22:01:35.666058+05:30
11	auth	0006_require_contenttypes_0002	2025-05-13 22:01:35.666772+05:30
12	auth	0007_alter_validators_add_error_messages	2025-05-13 22:01:35.669318+05:30
13	auth	0008_alter_user_username_max_length	2025-05-13 22:01:35.679155+05:30
14	auth	0009_alter_user_last_name_max_length	2025-05-13 22:01:35.683271+05:30
15	auth	0010_alter_group_name_max_length	2025-05-13 22:01:35.687326+05:30
16	auth	0011_update_proxy_permissions	2025-05-13 22:01:35.68994+05:30
17	auth	0012_alter_user_first_name_max_length	2025-05-13 22:01:35.705479+05:30
18	sessions	0001_initial	2025-05-13 22:01:35.718124+05:30
19	image_upload	0001_initial	2025-05-13 22:26:42.954619+05:30
20	image_upload	0002_alter_image_timestamp_alter_image_user	2025-05-13 22:50:10.563825+05:30
21	images	0001_initial	2025-05-14 11:59:39.718951+05:30
22	images	0002_alter_image_description_alter_image_image_and_more	2025-05-14 13:07:42.943696+05:30
23	authtoken	0001_initial	2025-05-14 14:08:59.769024+05:30
24	authtoken	0002_auto_20160226_1747	2025-05-14 14:08:59.778789+05:30
25	authtoken	0003_tokenproxy	2025-05-14 14:08:59.780399+05:30
26	authtoken	0004_alter_tokenproxy_options	2025-05-14 14:08:59.782524+05:30
27	token_blacklist	0001_initial	2025-05-14 17:04:25.420466+05:30
28	token_blacklist	0002_outstandingtoken_jti_hex	2025-05-14 17:04:25.425733+05:30
29	token_blacklist	0003_auto_20171017_2007	2025-05-14 17:04:25.431626+05:30
30	token_blacklist	0004_auto_20171017_2013	2025-05-14 17:04:25.454172+05:30
31	token_blacklist	0005_remove_outstandingtoken_jti	2025-05-14 17:04:25.460605+05:30
32	token_blacklist	0006_auto_20171017_2113	2025-05-14 17:04:25.469397+05:30
33	token_blacklist	0007_auto_20171017_2214	2025-05-14 17:04:25.527968+05:30
34	token_blacklist	0008_migrate_to_bigautofield	2025-05-14 17:04:25.599631+05:30
35	token_blacklist	0010_fix_migrate_to_bigautofield	2025-05-14 17:04:25.611015+05:30
36	token_blacklist	0011_linearizes_history	2025-05-14 17:04:25.612811+05:30
37	token_blacklist	0012_alter_outstandingtoken_user	2025-05-14 17:04:25.617325+05:30
38	image_upload	0003_alter_image_options_image_approved_image_description_and_more	2025-05-14 18:44:48.301078+05:30
39	image_upload	0004_alter_image_options_remove_image_location_and_more	2025-05-14 18:44:48.335318+05:30
40	image_upload	0005_alter_image_options_image_location_image_timestamp_and_more	2025-05-14 18:44:48.381721+05:30
41	image_upload	0006_image_archived	2025-05-14 18:44:48.386918+05:30
42	image_upload	0007_auto_20250514_1302	2025-05-14 18:44:48.39557+05:30
43	images	0002_rename_title_image_location_and_more	2025-05-14 20:29:24.053588+05:30
44	images	0003_rename_user_image_title_remove_image_timestamp_and_more	2025-05-14 20:29:24.065073+05:30
45	images	0004_alter_image_image	2025-05-14 20:32:25.769137+05:30
46	images	0005_image_archived	2025-05-14 20:57:22.726094+05:30
47	django_celery_beat	0001_initial	2025-05-14 21:16:48.39451+05:30
48	django_celery_beat	0002_auto_20161118_0346	2025-05-14 21:16:48.442275+05:30
49	django_celery_beat	0003_auto_20161209_0049	2025-05-14 21:16:48.453093+05:30
50	django_celery_beat	0004_auto_20170221_0000	2025-05-14 21:16:48.455308+05:30
51	django_celery_beat	0005_add_solarschedule_events_choices	2025-05-14 21:16:48.456921+05:30
52	django_celery_beat	0006_auto_20180322_0932	2025-05-14 21:16:48.47959+05:30
53	django_celery_beat	0007_auto_20180521_0826	2025-05-14 21:16:48.491034+05:30
54	django_celery_beat	0008_auto_20180914_1922	2025-05-14 21:16:48.507605+05:30
55	django_celery_beat	0006_auto_20180210_1226	2025-05-14 21:16:48.519468+05:30
56	django_celery_beat	0006_periodictask_priority	2025-05-14 21:16:48.531085+05:30
57	django_celery_beat	0009_periodictask_headers	2025-05-14 21:16:48.539779+05:30
58	django_celery_beat	0010_auto_20190429_0326	2025-05-14 21:16:48.639264+05:30
59	django_celery_beat	0011_auto_20190508_0153	2025-05-14 21:16:48.654333+05:30
60	django_celery_beat	0012_periodictask_expire_seconds	2025-05-14 21:16:48.660642+05:30
61	django_celery_beat	0013_auto_20200609_0727	2025-05-14 21:16:48.666354+05:30
62	django_celery_beat	0014_remove_clockedschedule_enabled	2025-05-14 21:16:48.675819+05:30
63	django_celery_beat	0015_edit_solarschedule_events_choices	2025-05-14 21:16:48.678765+05:30
64	django_celery_beat	0016_alter_crontabschedule_timezone	2025-05-14 21:16:48.686752+05:30
65	django_celery_beat	0017_alter_crontabschedule_month_of_year	2025-05-14 21:16:48.692875+05:30
66	django_celery_beat	0018_improve_crontab_helptext	2025-05-14 21:16:48.697849+05:30
67	django_celery_beat	0019_alter_periodictasks_options	2025-05-14 21:16:48.699023+05:30
68	image_upload	0003_archiveconfig	2025-05-14 21:16:48.705176+05:30
69	images	0006_cronjoblog	2025-05-14 21:16:48.711685+05:30
70	image_upload	0004_alter_archiveconfig_archive_after_days_rating	2025-05-15 00:03:56.994603+05:30
\.


--
-- Data for Name: django_session; Type: TABLE DATA; Schema: public; Owner: dev
--

COPY public.django_session (session_key, session_data, expire_date) FROM stdin;
mdtbbav4y5n4bn448lznh03jblps7c8v	.eJxVjDsOwjAUBO_iGlnxD2xKes5g7fOzcQA5UpxUiLtDpBTQ7szsS0SsS41rz3McWZyFEoffjZAeuW2A72i3SaapLfNIclPkTru8Tpyfl939O6jo9VsjuOAHeE0mgwainJMlQ0EVZYopBabAKWVxSg76qBKDvGUHLtCGxfsDD0U5Xg:1uF7Ve:VQXkDLgIUBKa8sfrbrZzGK_ZiXmiy_nKQb5PZ-K-ElY	2025-05-28 14:00:38.441085+05:30
\.


--
-- Data for Name: image_upload_archiveconfig; Type: TABLE DATA; Schema: public; Owner: dev
--

COPY public.image_upload_archiveconfig (id, archive_after_days) FROM stdin;
\.


--
-- Data for Name: image_upload_rating; Type: TABLE DATA; Schema: public; Owner: dev
--

COPY public.image_upload_rating (id, score, image_id, user_id) FROM stdin;
\.


--
-- Data for Name: images_cronjoblog; Type: TABLE DATA; Schema: public; Owner: dev
--

COPY public.images_cronjoblog (id) FROM stdin;
\.


--
-- Data for Name: images_image; Type: TABLE DATA; Schema: public; Owner: dev
--

COPY public.images_image (id, location, image, approved, title, description, uploaded_at, archived) FROM stdin;
28	uk	images/301848.jpg	t	lalaland	land duh	2025-05-14 20:30:00+05:30	f
26	lucknow	images/wallpaperflare.com_wallpapr.jpg	t	False	Description not provided	2025-05-14 20:29:24.063463+05:30	f
29	hell	images/2923100.jpg	t	new one for approval	almighty	2025-05-24 02:07:00+05:30	f
33	hell	images/2923100_KhrwlTZ.jpg	t	new one for approval	almighty	2025-05-24 02:07:00+05:30	t
34	hell	images/2923100_dilgI0h.jpg	t	new one for approval	almighty	2025-05-24 02:07:00+05:30	f
35	hell	images/2923100_0BExeTT.jpg	t	new one for approval	almighty	2025-05-24 02:07:00+05:30	f
36	hell	images/2923100_3wMyw1T.jpg	t	new one for approval	almighty	2025-05-24 02:07:00+05:30	f
\.


--
-- Data for Name: properties; Type: TABLE DATA; Schema: public; Owner: dev
--

COPY public.properties (id, name, description, price, address, owner_id, created_at) FROM stdin;
1	Luxury Villa	A beautiful villa with sea view	350000.00	123 Beach Road	1	2025-05-13 21:15:41.763547
\.


--
-- Data for Name: reviews; Type: TABLE DATA; Schema: public; Owner: dev
--

COPY public.reviews (id, property_id, user_id, rating, comment, created_at) FROM stdin;
1	1	1	5	Amazing property with stunning views!	2025-05-13 21:15:45.304314
\.


--
-- Data for Name: token_blacklist_blacklistedtoken; Type: TABLE DATA; Schema: public; Owner: dev
--

COPY public.token_blacklist_blacklistedtoken (id, blacklisted_at, token_id) FROM stdin;
\.


--
-- Data for Name: token_blacklist_outstandingtoken; Type: TABLE DATA; Schema: public; Owner: dev
--

COPY public.token_blacklist_outstandingtoken (id, token, created_at, expires_at, user_id, jti) FROM stdin;
1	eyJhbGciOiJIUzI1NiIsInR5cCI6IkpXVCJ9.eyJ0b2tlbl90eXBlIjoicmVmcmVzaCIsImV4cCI6MTc0NzMwODg5NywiaWF0IjoxNzQ3MjIyNDk3LCJqdGkiOiJjNjg3NWYzMmVjZjA0YjU4ODY2NDYyOTExYzNhMzY3MCIsInVzZXJfaWQiOjN9.vprrIB54o_Me-tu0iawpQ9s-bm3mLNs3gm8Am3AFOU0	2025-05-14 17:04:57.094569+05:30	2025-05-15 17:04:57+05:30	3	c6875f32ecf04b58866462911c3a3670
2	eyJhbGciOiJIUzI1NiIsInR5cCI6IkpXVCJ9.eyJ0b2tlbl90eXBlIjoicmVmcmVzaCIsImV4cCI6MTc0NzMwODg5NywiaWF0IjoxNzQ3MjIyNDk3LCJqdGkiOiI4ODZjZTJlNTRmNTk0NzIyODAxZDU5MWIwMzZkOWZiNyIsInVzZXJfaWQiOjN9.AZmcDXzpp6aJ5Isqut_i-zKUp5-y9tDvYSo2dLbgprI	2025-05-14 17:04:57.098647+05:30	2025-05-15 17:04:57+05:30	3	886ce2e54f594722801d591b036d9fb7
3	eyJhbGciOiJIUzI1NiIsInR5cCI6IkpXVCJ9.eyJ0b2tlbl90eXBlIjoicmVmcmVzaCIsImV4cCI6MTc0NzMwOTEzMiwiaWF0IjoxNzQ3MjIyNzMyLCJqdGkiOiJmYzMxMDdiNzBlZDM0ZmUwOWM1NTM0MGUxNWFiNGYyOCIsInVzZXJfaWQiOjN9.KW33ZnPgufXK5RbwyC8NpkqtwHx6QQ_cII_KaCtbgro	2025-05-14 17:08:52.260693+05:30	2025-05-15 17:08:52+05:30	3	fc3107b70ed34fe09c55340e15ab4f28
4	eyJhbGciOiJIUzI1NiIsInR5cCI6IkpXVCJ9.eyJ0b2tlbl90eXBlIjoicmVmcmVzaCIsImV4cCI6MTc0NzMxMDA5NywiaWF0IjoxNzQ3MjIzNjk3LCJqdGkiOiJlN2U1NjYyNzljODQ0N2VkYjZjYjBkMzVlMzZiNWU1NyIsInVzZXJfaWQiOjN9.0sHXeyPJd15VI25U5zWOxJR6D7sLJSNygwHTOIHMk78	2025-05-14 17:24:57.071655+05:30	2025-05-15 17:24:57+05:30	3	e7e566279c8447edb6cb0d35e36b5e57
5	eyJhbGciOiJIUzI1NiIsInR5cCI6IkpXVCJ9.eyJ0b2tlbl90eXBlIjoicmVmcmVzaCIsImV4cCI6MTc0NzMxMDA5NywiaWF0IjoxNzQ3MjIzNjk3LCJqdGkiOiIxOWMwYzA4YWFkODM0NDNkOTJkMjA0MjJmM2U4NWZlZiIsInVzZXJfaWQiOjN9.5OTOu0jW09IATPt5lbwFmZaYLbAcOQ1APpgeClNG59s	2025-05-14 17:24:57.072397+05:30	2025-05-15 17:24:57+05:30	3	19c0c08aad83443d92d20422f3e85fef
6	eyJhbGciOiJIUzI1NiIsInR5cCI6IkpXVCJ9.eyJ0b2tlbl90eXBlIjoicmVmcmVzaCIsImV4cCI6MTc0NzMxMDEwMywiaWF0IjoxNzQ3MjIzNzAzLCJqdGkiOiI4ZWRlM2U1ZTU4NWY0Mzc4YjJmYjQ0MzJjODMzMjU1ZSIsInVzZXJfaWQiOjN9.U7k5g9eu3ylkfOOGidmVtyEY_bdGByyx2euhzz8YJH8	2025-05-14 17:25:03.989872+05:30	2025-05-15 17:25:03+05:30	3	8ede3e5e585f4378b2fb4432c833255e
7	eyJhbGciOiJIUzI1NiIsInR5cCI6IkpXVCJ9.eyJ0b2tlbl90eXBlIjoicmVmcmVzaCIsImV4cCI6MTc0NzMxMDEwMywiaWF0IjoxNzQ3MjIzNzAzLCJqdGkiOiI0ODhmNTdhNTcyNTc0ZmIxYTM0NjRkZTQxYzFhODQwYSIsInVzZXJfaWQiOjN9.Og9iUFdV75ghDB7Q8ocvLXTMOjv7Z2vp1F2bgN8jCxs	2025-05-14 17:25:03.99362+05:30	2025-05-15 17:25:03+05:30	3	488f57a572574fb1a3464de41c1a840a
8	eyJhbGciOiJIUzI1NiIsInR5cCI6IkpXVCJ9.eyJ0b2tlbl90eXBlIjoicmVmcmVzaCIsImV4cCI6MTc0NzMxMDExMCwiaWF0IjoxNzQ3MjIzNzEwLCJqdGkiOiI1N2NmZGI1ZDhiOTM0YWMwYjc0YjcxZmY1N2ZmNGIwNiIsInVzZXJfaWQiOjN9.mL_CNOJMwMEtjwa4r209N423862-H9SYstc8jS84JoY	2025-05-14 17:25:10.210677+05:30	2025-05-15 17:25:10+05:30	3	57cfdb5d8b934ac0b74b71ff57ff4b06
9	eyJhbGciOiJIUzI1NiIsInR5cCI6IkpXVCJ9.eyJ0b2tlbl90eXBlIjoicmVmcmVzaCIsImV4cCI6MTc0NzMxMDExMCwiaWF0IjoxNzQ3MjIzNzEwLCJqdGkiOiI3OWFlMjU5MTJlMjU0ZTAxOTI5ZTg0NGQ4MTdjNzkxMCIsInVzZXJfaWQiOjN9.bk129320x7F06lIQl0w6Zu05S3hCd37TwVv6rl6xuK0	2025-05-14 17:25:10.215453+05:30	2025-05-15 17:25:10+05:30	3	79ae25912e254e01929e844d817c7910
10	eyJhbGciOiJIUzI1NiIsInR5cCI6IkpXVCJ9.eyJ0b2tlbl90eXBlIjoicmVmcmVzaCIsImV4cCI6MTc0NzMxMDEyNCwiaWF0IjoxNzQ3MjIzNzI0LCJqdGkiOiJkNmM2Y2Q3NjM2ODc0ODlhYWRjMTc3YWUyODE5YzdjMCIsInVzZXJfaWQiOjN9.qKTme0ENCySCREdplCUi16hCnzwa4knTeADBR5m1fjk	2025-05-14 17:25:24.171551+05:30	2025-05-15 17:25:24+05:30	3	d6c6cd763687489aadc177ae2819c7c0
11	eyJhbGciOiJIUzI1NiIsInR5cCI6IkpXVCJ9.eyJ0b2tlbl90eXBlIjoicmVmcmVzaCIsImV4cCI6MTc0NzMxMDEyNCwiaWF0IjoxNzQ3MjIzNzI0LCJqdGkiOiJmZDUwMGE0MThkNGU0YzUyODZiNTUzNzdhYTBhMzEzMiIsInVzZXJfaWQiOjN9.Ysa6zuVpCsLMfIT8bxPN4OCVfYJv4hMq79T4S9Puq7U	2025-05-14 17:25:24.173322+05:30	2025-05-15 17:25:24+05:30	3	fd500a418d4e4c5286b55377aa0a3132
12	eyJhbGciOiJIUzI1NiIsInR5cCI6IkpXVCJ9.eyJ0b2tlbl90eXBlIjoicmVmcmVzaCIsImV4cCI6MTc0NzMxMDEyNSwiaWF0IjoxNzQ3MjIzNzI1LCJqdGkiOiI3YzE1YmU5NGUwODk0OTAxYmZjNDRjNTE1OTJmYjU1YSIsInVzZXJfaWQiOjN9.Dsm15N3ce0osf5okZgIiuaJxrMmc4Qqracw4Nf36ha8	2025-05-14 17:25:25.50848+05:30	2025-05-15 17:25:25+05:30	3	7c15be94e0894901bfc44c51592fb55a
13	eyJhbGciOiJIUzI1NiIsInR5cCI6IkpXVCJ9.eyJ0b2tlbl90eXBlIjoicmVmcmVzaCIsImV4cCI6MTc0NzMxMDEyNSwiaWF0IjoxNzQ3MjIzNzI1LCJqdGkiOiIwYzYyOWVhNzM0NmQ0ZjY1YmNiOGIzNGIwZWUzMTAzNiIsInVzZXJfaWQiOjN9.TgTzOQZfWi7JWUBOVA9zWJ7c14pJwg9k95Vf4DqzSrs	2025-05-14 17:25:25.507072+05:30	2025-05-15 17:25:25+05:30	3	0c629ea7346d4f65bcb8b34b0ee31036
16	eyJhbGciOiJIUzI1NiIsInR5cCI6IkpXVCJ9.eyJ0b2tlbl90eXBlIjoicmVmcmVzaCIsImV4cCI6MTc0NzMxMDM3NSwiaWF0IjoxNzQ3MjIzOTc1LCJqdGkiOiIzZTNmMmUwOGM0ZWQ0YzU3OGM2YjRhYWM3N2I3NTBjZiIsInVzZXJfaWQiOjN9.ZjO9KGbyysr_n7A1lIOdXT3hC2_eF9CKbkTLJDNTPjU	2025-05-14 17:29:35.550905+05:30	2025-05-15 17:29:35+05:30	3	3e3f2e08c4ed4c578c6b4aac77b750cf
14	eyJhbGciOiJIUzI1NiIsInR5cCI6IkpXVCJ9.eyJ0b2tlbl90eXBlIjoicmVmcmVzaCIsImV4cCI6MTc0NzMxMDM3NSwiaWF0IjoxNzQ3MjIzOTc1LCJqdGkiOiJmMjA1YTg3Y2RmNzc0MzEyYjkzNTBjOWVlMjA1YzhjZiIsInVzZXJfaWQiOjN9.XqqPnfbypt_IjaavECjQT2TlLR_0NDRu1mOrJrR4au0	2025-05-14 17:29:35.551631+05:30	2025-05-15 17:29:35+05:30	3	f205a87cdf774312b9350c9ee205c8cf
15	eyJhbGciOiJIUzI1NiIsInR5cCI6IkpXVCJ9.eyJ0b2tlbl90eXBlIjoicmVmcmVzaCIsImV4cCI6MTc0NzMxMDM3NSwiaWF0IjoxNzQ3MjIzOTc1LCJqdGkiOiIyNjYwMzM2OTVmNGY0MzhmODAyMTNlM2UxMmY1YWQwZCIsInVzZXJfaWQiOjN9.nWCCQCeJres88SRZbIc0P3iiIx4d9BCpOU8y_Sd1RJo	2025-05-14 17:29:35.555748+05:30	2025-05-15 17:29:35+05:30	3	266033695f4f438f80213e3e12f5ad0d
17	eyJhbGciOiJIUzI1NiIsInR5cCI6IkpXVCJ9.eyJ0b2tlbl90eXBlIjoicmVmcmVzaCIsImV4cCI6MTc0NzMxMDM3NSwiaWF0IjoxNzQ3MjIzOTc1LCJqdGkiOiIxYTdjNjZkMTdlNjE0ODVkYjBmYTE2MDE1MTIxNDg2OSIsInVzZXJfaWQiOjN9.DKYar95n2HHe_j-EU8_Fe0jaf1mVmip5lqvBNPq8_OM	2025-05-14 17:29:35.546086+05:30	2025-05-15 17:29:35+05:30	3	1a7c66d17e61485db0fa160151214869
18	eyJhbGciOiJIUzI1NiIsInR5cCI6IkpXVCJ9.eyJ0b2tlbl90eXBlIjoicmVmcmVzaCIsImV4cCI6MTc0NzMxMDM4MywiaWF0IjoxNzQ3MjIzOTgzLCJqdGkiOiJkN2VkODUyNjMxNmE0M2Y3YTI0ZDRiMTk4OTRiMGU3YyIsInVzZXJfaWQiOjN9.5uSg3_XIu4mS0gqHS1VIfNJY_avk8nw670mXTcfA0WM	2025-05-14 17:29:43.044143+05:30	2025-05-15 17:29:43+05:30	3	d7ed8526316a43f7a24d4b19894b0e7c
19	eyJhbGciOiJIUzI1NiIsInR5cCI6IkpXVCJ9.eyJ0b2tlbl90eXBlIjoicmVmcmVzaCIsImV4cCI6MTc0NzMxMDM4MywiaWF0IjoxNzQ3MjIzOTgzLCJqdGkiOiIwNWVmMmU2MjRjN2Y0MTA5ODRiYmY3ZjRmNjllNzE5NSIsInVzZXJfaWQiOjN9.J4n9F4wBx2mvq6DT5Rj5pXwwU1SeVCbns6fOQsckhgE	2025-05-14 17:29:43.048953+05:30	2025-05-15 17:29:43+05:30	3	05ef2e624c7f410984bbf7f4f69e7195
20	eyJhbGciOiJIUzI1NiIsInR5cCI6IkpXVCJ9.eyJ0b2tlbl90eXBlIjoicmVmcmVzaCIsImV4cCI6MTc0NzMxMDQ1NSwiaWF0IjoxNzQ3MjI0MDU1LCJqdGkiOiI5ZGQzNjgzOTI3NWU0MGJiOTc5Yjg4NjYyNDBmYTEzMSIsInVzZXJfaWQiOjN9.tnvCEoODtECl9oq9_Gh8MNPmtjIDFxYiddObMlq3Ufg	2025-05-14 17:30:55.941907+05:30	2025-05-15 17:30:55+05:30	3	9dd36839275e40bb979b8866240fa131
21	eyJhbGciOiJIUzI1NiIsInR5cCI6IkpXVCJ9.eyJ0b2tlbl90eXBlIjoicmVmcmVzaCIsImV4cCI6MTc0NzMxMDQ1NSwiaWF0IjoxNzQ3MjI0MDU1LCJqdGkiOiI4ZGRhNzMwMjYxYTY0ZjM5OTgwYjc5N2IwNzFiZjMxZCIsInVzZXJfaWQiOjN9.H4Eo14ORehws8b_0Q74VpAQUdr49SsSIug1uHxBSlLk	2025-05-14 17:30:55.948241+05:30	2025-05-15 17:30:55+05:30	3	8dda730261a64f39980b797b071bf31d
23	eyJhbGciOiJIUzI1NiIsInR5cCI6IkpXVCJ9.eyJ0b2tlbl90eXBlIjoicmVmcmVzaCIsImV4cCI6MTc0NzMxMDg5OSwiaWF0IjoxNzQ3MjI0NDk5LCJqdGkiOiI4Mzc2MTllNzU2OTk0ODczODRlN2RlZjU2MjI5MmFiZiIsInVzZXJfaWQiOjN9.EtHlPgEtzYbCMK55ZLUUmupYN7hpXIJy92GGxBXeJLA	2025-05-14 17:38:19.831006+05:30	2025-05-15 17:38:19+05:30	3	837619e75699487384e7def562292abf
22	eyJhbGciOiJIUzI1NiIsInR5cCI6IkpXVCJ9.eyJ0b2tlbl90eXBlIjoicmVmcmVzaCIsImV4cCI6MTc0NzMxMDg5OSwiaWF0IjoxNzQ3MjI0NDk5LCJqdGkiOiJjNTk5ZDNhOWU1N2M0MzBjYjdmNjJhOTVmZDRmYTRhMiIsInVzZXJfaWQiOjN9.crAPGwO_kMOvTA3AVkcmMV6jFooW0f9s5xJPWQtLoAc	2025-05-14 17:38:19.830397+05:30	2025-05-15 17:38:19+05:30	3	c599d3a9e57c430cb7f62a95fd4fa4a2
24	eyJhbGciOiJIUzI1NiIsInR5cCI6IkpXVCJ9.eyJ0b2tlbl90eXBlIjoicmVmcmVzaCIsImV4cCI6MTc0NzMxMDkwOSwiaWF0IjoxNzQ3MjI0NTA5LCJqdGkiOiIwNzBlNTQ0ODQxYzc0NWIyODFmYTEzMWMxNTlmMjg0NyIsInVzZXJfaWQiOjN9.dEtoe5mto6Va6t-0-ZqaCLG9L-4WJEs7Dxdl1pm-D_w	2025-05-14 17:38:29.857614+05:30	2025-05-15 17:38:29+05:30	3	070e544841c745b281fa131c159f2847
25	eyJhbGciOiJIUzI1NiIsInR5cCI6IkpXVCJ9.eyJ0b2tlbl90eXBlIjoicmVmcmVzaCIsImV4cCI6MTc0NzMxMDkwOSwiaWF0IjoxNzQ3MjI0NTA5LCJqdGkiOiIzMGExZWZkYjVhNjI0MzEwOWVjOTE4MTEzNWRkYWU5NyIsInVzZXJfaWQiOjN9.aU72Ulqenfz19eTw5g2PPwt2bJns46L1B3pPtctniDU	2025-05-14 17:38:29.868667+05:30	2025-05-15 17:38:29+05:30	3	30a1efdb5a6243109ec9181135ddae97
26	eyJhbGciOiJIUzI1NiIsInR5cCI6IkpXVCJ9.eyJ0b2tlbl90eXBlIjoicmVmcmVzaCIsImV4cCI6MTc0NzMxMDkxMCwiaWF0IjoxNzQ3MjI0NTEwLCJqdGkiOiI1OWRkY2Q4MWNkZjM0Zjc3OGIwYzU5M2YxNDczYWJmZCIsInVzZXJfaWQiOjN9.AE8CdbYObr_6PFXW_goAeQycjp2gGv-a2wbbPYDstw8	2025-05-14 17:38:30.655552+05:30	2025-05-15 17:38:30+05:30	3	59ddcd81cdf34f778b0c593f1473abfd
27	eyJhbGciOiJIUzI1NiIsInR5cCI6IkpXVCJ9.eyJ0b2tlbl90eXBlIjoicmVmcmVzaCIsImV4cCI6MTc0NzMxMDkxMCwiaWF0IjoxNzQ3MjI0NTEwLCJqdGkiOiI0ZDIzNTYxNzIxYjc0OTYyODY0YjNlNzNhMzQxMDhiMSIsInVzZXJfaWQiOjN9.CczOGLeUO3ByyyngijeufyHW9YFkUAsm1MtTxG9NLoQ	2025-05-14 17:38:30.6692+05:30	2025-05-15 17:38:30+05:30	3	4d23561721b74962864b3e73a34108b1
28	eyJhbGciOiJIUzI1NiIsInR5cCI6IkpXVCJ9.eyJ0b2tlbl90eXBlIjoicmVmcmVzaCIsImV4cCI6MTc0NzMxMDkxNSwiaWF0IjoxNzQ3MjI0NTE1LCJqdGkiOiJjZTI3ZDAzY2Q1ZDM0ZGMzYWQ1ZDUzOWVmOWZlMGIyOSIsInVzZXJfaWQiOjN9.5_MTdVztogLVqr6mZT0zslpW-KX1AnRkZ6dbdwMpy0I	2025-05-14 17:38:35.05727+05:30	2025-05-15 17:38:35+05:30	3	ce27d03cd5d34dc3ad5d539ef9fe0b29
29	eyJhbGciOiJIUzI1NiIsInR5cCI6IkpXVCJ9.eyJ0b2tlbl90eXBlIjoicmVmcmVzaCIsImV4cCI6MTc0NzMxMDkxNSwiaWF0IjoxNzQ3MjI0NTE1LCJqdGkiOiJmNTkyNzZmNzE1MDk0MWZlYjEzYTQxMmVhYTE0YTQ2NSIsInVzZXJfaWQiOjN9.7FdrCStGhvxUHUc8vpc41Fl_uA3QYMYC2Yp92xL_YHY	2025-05-14 17:38:35.067653+05:30	2025-05-15 17:38:35+05:30	3	f59276f7150941feb13a412eaa14a465
30	eyJhbGciOiJIUzI1NiIsInR5cCI6IkpXVCJ9.eyJ0b2tlbl90eXBlIjoicmVmcmVzaCIsImV4cCI6MTc0NzMxMDkxNSwiaWF0IjoxNzQ3MjI0NTE1LCJqdGkiOiJkZGVkZjU5N2Q0YmE0YjIyYWE5Y2QyMmZiNzJmNTY2MyIsInVzZXJfaWQiOjN9.juDIhK1Czc_r62AflZt-BIBAjjmAVV9MOuqn4Eo8SfE	2025-05-14 17:38:35.702827+05:30	2025-05-15 17:38:35+05:30	3	ddedf597d4ba4b22aa9cd22fb72f5663
31	eyJhbGciOiJIUzI1NiIsInR5cCI6IkpXVCJ9.eyJ0b2tlbl90eXBlIjoicmVmcmVzaCIsImV4cCI6MTc0NzMxMDkxNSwiaWF0IjoxNzQ3MjI0NTE1LCJqdGkiOiI5Y2Y2OGJhM2U3MWU0MGJhYWI2NzMzNTY1NDQzNWUwYSIsInVzZXJfaWQiOjN9.WTqpsEYv7PgehyLACGGH_oGrUXMWZXiwOiZ_eHNbNzU	2025-05-14 17:38:35.704736+05:30	2025-05-15 17:38:35+05:30	3	9cf68ba3e71e40baab67335654435e0a
32	eyJhbGciOiJIUzI1NiIsInR5cCI6IkpXVCJ9.eyJ0b2tlbl90eXBlIjoicmVmcmVzaCIsImV4cCI6MTc0NzMxMDk0OCwiaWF0IjoxNzQ3MjI0NTQ4LCJqdGkiOiI2ODRiYjZmMjMzODM0YTY3YmE5NTgzZTkzYTY2M2UwMiIsInVzZXJfaWQiOjN9.xaA0hbCa2pa30BYrL8cjVC-rvmGHkZdEWlY_-ifMT9I	2025-05-14 17:39:08.226422+05:30	2025-05-15 17:39:08+05:30	3	684bb6f233834a67ba9583e93a663e02
33	eyJhbGciOiJIUzI1NiIsInR5cCI6IkpXVCJ9.eyJ0b2tlbl90eXBlIjoicmVmcmVzaCIsImV4cCI6MTc0NzMxMDk0OCwiaWF0IjoxNzQ3MjI0NTQ4LCJqdGkiOiI5NTY0N2FlMWYwNzM0OTRjODkxNDcyZjhmYTZjZDVlOSIsInVzZXJfaWQiOjN9.XDelSt3xJdyQGAGgaR9gTuoGAPw-7Kno2_YOd-N5kDg	2025-05-14 17:39:08.231224+05:30	2025-05-15 17:39:08+05:30	3	95647ae1f073494c891472f8fa6cd5e9
35	eyJhbGciOiJIUzI1NiIsInR5cCI6IkpXVCJ9.eyJ0b2tlbl90eXBlIjoicmVmcmVzaCIsImV4cCI6MTc0NzMxMjY5NSwiaWF0IjoxNzQ3MjI2Mjk1LCJqdGkiOiJiMGYwYjlhNDc4MTg0ZDRmODU5MTkwNzQ0ZTZjYzEyMCIsInVzZXJfaWQiOjN9.311Ovp9qU-6iLgF9czYHEJBfrX61tLFMalK0AxXYuZ8	2025-05-14 18:08:15.485639+05:30	2025-05-15 18:08:15+05:30	3	b0f0b9a478184d4f859190744e6cc120
34	eyJhbGciOiJIUzI1NiIsInR5cCI6IkpXVCJ9.eyJ0b2tlbl90eXBlIjoicmVmcmVzaCIsImV4cCI6MTc0NzMxMjY5NSwiaWF0IjoxNzQ3MjI2Mjk1LCJqdGkiOiIyNTQzNjY3N2EyNzU0N2RmOGU0ODIxOWVmZTliMjY4ZiIsInVzZXJfaWQiOjN9.dI4rj8epR2MxPPHSpuFwXOuuzRRhzQH7e7UsHeiUSlY	2025-05-14 18:08:15.484221+05:30	2025-05-15 18:08:15+05:30	3	25436677a27547df8e48219efe9b268f
37	eyJhbGciOiJIUzI1NiIsInR5cCI6IkpXVCJ9.eyJ0b2tlbl90eXBlIjoicmVmcmVzaCIsImV4cCI6MTc0NzMxNDY3NiwiaWF0IjoxNzQ3MjI4Mjc2LCJqdGkiOiI3OGY2MDJlNmQwNzU0Nzg3YTBkN2Y2MWI5NWYwMTg0YyIsInVzZXJfaWQiOjN9.P0rk3CWMpzBiA-ATcQbDPDnwQvTY9zAWm3f6l9BzX4s	2025-05-14 18:41:16.929594+05:30	2025-05-15 18:41:16+05:30	3	78f602e6d0754787a0d7f61b95f0184c
36	eyJhbGciOiJIUzI1NiIsInR5cCI6IkpXVCJ9.eyJ0b2tlbl90eXBlIjoicmVmcmVzaCIsImV4cCI6MTc0NzMxNDY3NiwiaWF0IjoxNzQ3MjI4Mjc2LCJqdGkiOiIwMWVmYTFhZDRjNTM0MzZlOWExYzM3ZGQ3N2JmZTExZSIsInVzZXJfaWQiOjN9.HX_aw0qhCbcJfO8NK1AaTK6ydn_LUU8kWCEr5oNlZDU	2025-05-14 18:41:16.926849+05:30	2025-05-15 18:41:16+05:30	3	01efa1ad4c53436e9a1c37dd77bfe11e
38	eyJhbGciOiJIUzI1NiIsInR5cCI6IkpXVCJ9.eyJ0b2tlbl90eXBlIjoicmVmcmVzaCIsImV4cCI6MTc0NzMxNDY3NywiaWF0IjoxNzQ3MjI4Mjc3LCJqdGkiOiJmYTBiMjkzZWU1MTM0ZGM5YjM3MzEwMTNjNGUzZWM5YiIsInVzZXJfaWQiOjN9.-IQsoPkcgdMT5OgIAQ8yvsSUNJWV8WzOwMVoCsxxPVs	2025-05-14 18:41:17.650858+05:30	2025-05-15 18:41:17+05:30	3	fa0b293ee5134dc9b3731013c4e3ec9b
39	eyJhbGciOiJIUzI1NiIsInR5cCI6IkpXVCJ9.eyJ0b2tlbl90eXBlIjoicmVmcmVzaCIsImV4cCI6MTc0NzMxNDY3NywiaWF0IjoxNzQ3MjI4Mjc3LCJqdGkiOiJjYTA0MzZhZDE4MWI0MDM2YjU1ZTY3YTUwYTE3ZTEzNCIsInVzZXJfaWQiOjN9.L_k_-HO4hcPQqIuPJUZQHq55QqUswGd3gYQVQONDHHg	2025-05-14 18:41:17.655064+05:30	2025-05-15 18:41:17+05:30	3	ca0436ad181b4036b55e67a50a17e134
40	eyJhbGciOiJIUzI1NiIsInR5cCI6IkpXVCJ9.eyJ0b2tlbl90eXBlIjoicmVmcmVzaCIsImV4cCI6MTc0NzMxNDY4MiwiaWF0IjoxNzQ3MjI4MjgyLCJqdGkiOiJkYTZmYzRjMmNjMGQ0MDg5OGRlOWM3OTgxNTc2Y2RhNSIsInVzZXJfaWQiOjN9.CgaLPZjbiLCIpzLLb6PXNAkmTXHezxwBnJp0nb5FtmQ	2025-05-14 18:41:22.615882+05:30	2025-05-15 18:41:22+05:30	3	da6fc4c2cc0d40898de9c7981576cda5
41	eyJhbGciOiJIUzI1NiIsInR5cCI6IkpXVCJ9.eyJ0b2tlbl90eXBlIjoicmVmcmVzaCIsImV4cCI6MTc0NzMxNDY4MiwiaWF0IjoxNzQ3MjI4MjgyLCJqdGkiOiIzYTk0NjhlYjA2M2I0MGFkOGFmNzcxNjQzYzg2MjUwZCIsInVzZXJfaWQiOjN9.RhYA-p6tHqDrhfFYw5C7BCHL0d4rQEZ_D1ZVKt-T8TA	2025-05-14 18:41:22.622714+05:30	2025-05-15 18:41:22+05:30	3	3a9468eb063b40ad8af771643c86250d
42	eyJhbGciOiJIUzI1NiIsInR5cCI6IkpXVCJ9.eyJ0b2tlbl90eXBlIjoicmVmcmVzaCIsImV4cCI6MTc0NzMxNDY4MywiaWF0IjoxNzQ3MjI4MjgzLCJqdGkiOiIwNTM0MDU4ZTVlYzA0MDQ5YmFhNDQ4ZTAwYmVjNTEwYyIsInVzZXJfaWQiOjN9.tI01zaepIBPoQalmKdBDokcZd2ecW1iB9AmjXgl9p6s	2025-05-14 18:41:23.587401+05:30	2025-05-15 18:41:23+05:30	3	0534058e5ec04049baa448e00bec510c
43	eyJhbGciOiJIUzI1NiIsInR5cCI6IkpXVCJ9.eyJ0b2tlbl90eXBlIjoicmVmcmVzaCIsImV4cCI6MTc0NzMxNDY4MywiaWF0IjoxNzQ3MjI4MjgzLCJqdGkiOiJhYWE3MTgxMmM2YTc0MjMwODcyNzQ4ZjMzMTZiYTZjNiIsInVzZXJfaWQiOjN9.1Sx_duKNr5TCtb4pepjTiWAmWEObyUW_XetWDpPjoGA	2025-05-14 18:41:23.592137+05:30	2025-05-15 18:41:23+05:30	3	aaa71812c6a74230872748f3316ba6c6
44	eyJhbGciOiJIUzI1NiIsInR5cCI6IkpXVCJ9.eyJ0b2tlbl90eXBlIjoicmVmcmVzaCIsImV4cCI6MTc0NzMxNDkwMywiaWF0IjoxNzQ3MjI4NTAzLCJqdGkiOiI3YzI4NzU1ODBhZGQ0ZTUzYWI0ODkxZDRkMjI3NjcwNiIsInVzZXJfaWQiOjN9.dNG9a4nG-knKUWcH--6OLmJXxj1rS1_L0gACs7vZxEo	2025-05-14 18:45:03.007226+05:30	2025-05-15 18:45:03+05:30	3	7c2875580add4e53ab4891d4d2276706
45	eyJhbGciOiJIUzI1NiIsInR5cCI6IkpXVCJ9.eyJ0b2tlbl90eXBlIjoicmVmcmVzaCIsImV4cCI6MTc0NzMxNDkwMywiaWF0IjoxNzQ3MjI4NTAzLCJqdGkiOiIwNWFhN2FmMTBiYzQ0MmVmYWEyOTkxZGNiNDMxZTkwMCIsInVzZXJfaWQiOjN9.12NLPNzNZbEzzEWZF4WzmFMkvdVSDDU5W6Facq0KZTM	2025-05-14 18:45:03.005726+05:30	2025-05-15 18:45:03+05:30	3	05aa7af10bc442efaa2991dcb431e900
46	eyJhbGciOiJIUzI1NiIsInR5cCI6IkpXVCJ9.eyJ0b2tlbl90eXBlIjoicmVmcmVzaCIsImV4cCI6MTc0NzMxNDkwMywiaWF0IjoxNzQ3MjI4NTAzLCJqdGkiOiI2ZjZjNTM4MzJiNDI0MGVjOTM0MTA2NWJiOGI4ZjY1MSIsInVzZXJfaWQiOjN9.g83iZ-YrTKdzHqIZ35aF9xKcrD1ufHvoG_8ueE7Avlo	2025-05-14 18:45:03.851289+05:30	2025-05-15 18:45:03+05:30	3	6f6c53832b4240ec9341065bb8b8f651
47	eyJhbGciOiJIUzI1NiIsInR5cCI6IkpXVCJ9.eyJ0b2tlbl90eXBlIjoicmVmcmVzaCIsImV4cCI6MTc0NzMxNDkwMywiaWF0IjoxNzQ3MjI4NTAzLCJqdGkiOiIyMGY5YjdmMTg0ZGQ0OWI5ODlmMDJhZjhiZjlkNGZlYiIsInVzZXJfaWQiOjN9.Xjn-xP2qQoz1t30cB0wbihfVnbAgKtuDg4vrzdROejs	2025-05-14 18:45:03.859226+05:30	2025-05-15 18:45:03+05:30	3	20f9b7f184dd49b989f02af8bf9d4feb
48	eyJhbGciOiJIUzI1NiIsInR5cCI6IkpXVCJ9.eyJ0b2tlbl90eXBlIjoicmVmcmVzaCIsImV4cCI6MTc0NzMxNDkwNywiaWF0IjoxNzQ3MjI4NTA3LCJqdGkiOiJhOWRiODA5OTY5NDA0MTE2YjUxOGJjODhkZTQyNzBkZCIsInVzZXJfaWQiOjN9.4vgF4Hu64vOt4bFyOfTCysJ5_KbrDbqS8UMgDWQsUyg	2025-05-14 18:45:07.387956+05:30	2025-05-15 18:45:07+05:30	3	a9db809969404116b518bc88de4270dd
49	eyJhbGciOiJIUzI1NiIsInR5cCI6IkpXVCJ9.eyJ0b2tlbl90eXBlIjoicmVmcmVzaCIsImV4cCI6MTc0NzMxNDkwNywiaWF0IjoxNzQ3MjI4NTA3LCJqdGkiOiJkYTBmNjZiZjMxOWQ0ZWNkYjA1YTdiYjkwODdhZDA1NSIsInVzZXJfaWQiOjN9.hIocFDS07EuRJGoGVL9-jgMAOiZqL9j8Npc1-UYbg0I	2025-05-14 18:45:07.394121+05:30	2025-05-15 18:45:07+05:30	3	da0f66bf319d4ecdb05a7bb9087ad055
51	eyJhbGciOiJIUzI1NiIsInR5cCI6IkpXVCJ9.eyJ0b2tlbl90eXBlIjoicmVmcmVzaCIsImV4cCI6MTc0NzMxOTM1MywiaWF0IjoxNzQ3MjMyOTUzLCJqdGkiOiJmMjhjZDZhMGRhNDQ0YTc1OGFmMWIwZjYzOWMwNmMyNiIsInVzZXJfaWQiOjN9.YzzRjhoJnu_XcHqM6CNXpwb-KvZa-pG6GIbuTOnHrKY	2025-05-14 19:59:13.78989+05:30	2025-05-15 19:59:13+05:30	3	f28cd6a0da444a758af1b0f639c06c26
50	eyJhbGciOiJIUzI1NiIsInR5cCI6IkpXVCJ9.eyJ0b2tlbl90eXBlIjoicmVmcmVzaCIsImV4cCI6MTc0NzMxOTM1MywiaWF0IjoxNzQ3MjMyOTUzLCJqdGkiOiIyYzg5OTUwYjQ2ZjI0OGMxYTQ3NTZkY2NkZjU2OTZmOSIsInVzZXJfaWQiOjN9.MMmJKpRb6DL6kwzx2u-sC9j7Y0s9gBhSNvmJwbjOIlQ	2025-05-14 19:59:13.790715+05:30	2025-05-15 19:59:13+05:30	3	2c89950b46f248c1a4756dccdf5696f9
52	eyJhbGciOiJIUzI1NiIsInR5cCI6IkpXVCJ9.eyJ0b2tlbl90eXBlIjoicmVmcmVzaCIsImV4cCI6MTc0NzMxOTM4MywiaWF0IjoxNzQ3MjMyOTgzLCJqdGkiOiI1MzhiMjc0ZWFhZjA0ODFlOGNjNzE5Y2IzYzYwMzVlZiIsInVzZXJfaWQiOjN9.N2_kALNIR66Qz87V4JwmnnWJaXeTZRpYvrhreydFv0U	2025-05-14 19:59:43.388317+05:30	2025-05-15 19:59:43+05:30	3	538b274eaaf0481e8cc719cb3c6035ef
53	eyJhbGciOiJIUzI1NiIsInR5cCI6IkpXVCJ9.eyJ0b2tlbl90eXBlIjoicmVmcmVzaCIsImV4cCI6MTc0NzMxOTM4MywiaWF0IjoxNzQ3MjMyOTgzLCJqdGkiOiJhZDU5YmRiNDQyNDQ0YTBlYTQxZDNmMzdhOWU3MjE1NiIsInVzZXJfaWQiOjN9.xGXt7WCEaBmvVZTxa8VA6o3oMhITi8PI4FC08RlyXMs	2025-05-14 19:59:43.395542+05:30	2025-05-15 19:59:43+05:30	3	ad59bdb442444a0ea41d3f37a9e72156
54	eyJhbGciOiJIUzI1NiIsInR5cCI6IkpXVCJ9.eyJ0b2tlbl90eXBlIjoicmVmcmVzaCIsImV4cCI6MTc0NzMxOTM5MSwiaWF0IjoxNzQ3MjMyOTkxLCJqdGkiOiJiNTU2ODkwYjMwYzU0YTdkYjkwNjk0MzE3MWVhOTY2NCIsInVzZXJfaWQiOjN9.VoqPUII4XbUGGVZDD7fERliBg07NHREePqRlhKYMr68	2025-05-14 19:59:51.835943+05:30	2025-05-15 19:59:51+05:30	3	b556890b30c54a7db906943171ea9664
55	eyJhbGciOiJIUzI1NiIsInR5cCI6IkpXVCJ9.eyJ0b2tlbl90eXBlIjoicmVmcmVzaCIsImV4cCI6MTc0NzMxOTM5MSwiaWF0IjoxNzQ3MjMyOTkxLCJqdGkiOiIwYWIxOTVlM2M1NDg0Y2U4OTI5YWUxZjkwYmNjM2EzNyIsInVzZXJfaWQiOjN9.hlTuom_0MpUC3NICeWpo6FR8JfWiKs0uX4c1UlzsJWc	2025-05-14 19:59:51.836548+05:30	2025-05-15 19:59:51+05:30	3	0ab195e3c5484ce8929ae1f90bcc3a37
56	eyJhbGciOiJIUzI1NiIsInR5cCI6IkpXVCJ9.eyJ0b2tlbl90eXBlIjoicmVmcmVzaCIsImV4cCI6MTc0NzMxOTM5NiwiaWF0IjoxNzQ3MjMyOTk2LCJqdGkiOiI5NGRmYWZjZGY1NjQ0ZjJkOWU5NzkzZGVlMDVkNzY4ZSIsInVzZXJfaWQiOjN9.g_zDDI5rLtLOvX_l2fFDQxyIA52FZsBh3lsZsc3fiR8	2025-05-14 19:59:56.294608+05:30	2025-05-15 19:59:56+05:30	3	94dfafcdf5644f2d9e9793dee05d768e
57	eyJhbGciOiJIUzI1NiIsInR5cCI6IkpXVCJ9.eyJ0b2tlbl90eXBlIjoicmVmcmVzaCIsImV4cCI6MTc0NzMxOTM5NiwiaWF0IjoxNzQ3MjMyOTk2LCJqdGkiOiJhZGNhZTlkODA3YTE0MzY3YmU0NjEzMzM0ZDBkNTIxNSIsInVzZXJfaWQiOjN9.JAVtq4WgbHDVPqScReloUfNQkqyCf86iYwK09xKKRuo	2025-05-14 19:59:56.296524+05:30	2025-05-15 19:59:56+05:30	3	adcae9d807a14367be4613334d0d5215
58	eyJhbGciOiJIUzI1NiIsInR5cCI6IkpXVCJ9.eyJ0b2tlbl90eXBlIjoicmVmcmVzaCIsImV4cCI6MTc0NzMxOTQwMiwiaWF0IjoxNzQ3MjMzMDAyLCJqdGkiOiJlYTVkNmI0YWQ0MWI0YzI0YTFlYjAyOTI3YjFlMGNkNyIsInVzZXJfaWQiOjN9.mtkkG0zf-3JwwT2NF3cvO-Pkwu2Vgiw_Ozo7oeX8ehY	2025-05-14 20:00:02.10855+05:30	2025-05-15 20:00:02+05:30	3	ea5d6b4ad41b4c24a1eb02927b1e0cd7
59	eyJhbGciOiJIUzI1NiIsInR5cCI6IkpXVCJ9.eyJ0b2tlbl90eXBlIjoicmVmcmVzaCIsImV4cCI6MTc0NzMxOTQwMiwiaWF0IjoxNzQ3MjMzMDAyLCJqdGkiOiIxZTg3NWE2ODAxMjY0NDVmODZiMDdjMzFiNTM4Nzk1YiIsInVzZXJfaWQiOjN9.MisQ-Lj3ZXIblUmogdi9tC5b9HhygsXeKJ2D_uEhpks	2025-05-14 20:00:02.112699+05:30	2025-05-15 20:00:02+05:30	3	1e875a680126445f86b07c31b538795b
60	eyJhbGciOiJIUzI1NiIsInR5cCI6IkpXVCJ9.eyJ0b2tlbl90eXBlIjoicmVmcmVzaCIsImV4cCI6MTc0NzMxOTQxNSwiaWF0IjoxNzQ3MjMzMDE1LCJqdGkiOiI5MjZjNjY0Mjk2NjI0MWZiYWYwNDAwNWRjMDliY2Y5YiIsInVzZXJfaWQiOjN9.5yhIZjpT2W50r8FZTeI-g_0YkHoppQsW8vn8GmlIlO4	2025-05-14 20:00:15.440492+05:30	2025-05-15 20:00:15+05:30	3	926c6642966241fbaf04005dc09bcf9b
61	eyJhbGciOiJIUzI1NiIsInR5cCI6IkpXVCJ9.eyJ0b2tlbl90eXBlIjoicmVmcmVzaCIsImV4cCI6MTc0NzMxOTQxNSwiaWF0IjoxNzQ3MjMzMDE1LCJqdGkiOiI3MGQwZTcyMTEzOTk0Yzg2YTNmYTYxN2RhMDFhNTc0YyIsInVzZXJfaWQiOjN9.gW9mIw2eTpi0nU94rmfl10-g9vE5vRoXnAfav5pOKy4	2025-05-14 20:00:15.441548+05:30	2025-05-15 20:00:15+05:30	3	70d0e72113994c86a3fa617da01a574c
\.


--
-- Data for Name: users; Type: TABLE DATA; Schema: public; Owner: dev
--

COPY public.users (id, username, email, password, created_at) FROM stdin;
1	devuser	devuser@example.com	securepassword	2025-05-13 21:15:37.616454
\.


--
-- Name: auth_group_id_seq; Type: SEQUENCE SET; Schema: public; Owner: dev
--

SELECT pg_catalog.setval('public.auth_group_id_seq', 1, false);


--
-- Name: auth_group_permissions_id_seq; Type: SEQUENCE SET; Schema: public; Owner: dev
--

SELECT pg_catalog.setval('public.auth_group_permissions_id_seq', 1, false);


--
-- Name: auth_permission_id_seq; Type: SEQUENCE SET; Schema: public; Owner: dev
--

SELECT pg_catalog.setval('public.auth_permission_id_seq', 84, true);


--
-- Name: auth_user_groups_id_seq; Type: SEQUENCE SET; Schema: public; Owner: dev
--

SELECT pg_catalog.setval('public.auth_user_groups_id_seq', 1, false);


--
-- Name: auth_user_id_seq; Type: SEQUENCE SET; Schema: public; Owner: dev
--

SELECT pg_catalog.setval('public.auth_user_id_seq', 4, true);


--
-- Name: auth_user_user_permissions_id_seq; Type: SEQUENCE SET; Schema: public; Owner: dev
--

SELECT pg_catalog.setval('public.auth_user_user_permissions_id_seq', 1, false);


--
-- Name: django_admin_log_id_seq; Type: SEQUENCE SET; Schema: public; Owner: dev
--

SELECT pg_catalog.setval('public.django_admin_log_id_seq', 10, true);


--
-- Name: django_celery_beat_clockedschedule_id_seq; Type: SEQUENCE SET; Schema: public; Owner: dev
--

SELECT pg_catalog.setval('public.django_celery_beat_clockedschedule_id_seq', 1, true);


--
-- Name: django_celery_beat_crontabschedule_id_seq; Type: SEQUENCE SET; Schema: public; Owner: dev
--

SELECT pg_catalog.setval('public.django_celery_beat_crontabschedule_id_seq', 1, true);


--
-- Name: django_celery_beat_intervalschedule_id_seq; Type: SEQUENCE SET; Schema: public; Owner: dev
--

SELECT pg_catalog.setval('public.django_celery_beat_intervalschedule_id_seq', 2, true);


--
-- Name: django_celery_beat_periodictask_id_seq; Type: SEQUENCE SET; Schema: public; Owner: dev
--

SELECT pg_catalog.setval('public.django_celery_beat_periodictask_id_seq', 1, true);


--
-- Name: django_celery_beat_solarschedule_id_seq; Type: SEQUENCE SET; Schema: public; Owner: dev
--

SELECT pg_catalog.setval('public.django_celery_beat_solarschedule_id_seq', 1, false);


--
-- Name: django_content_type_id_seq; Type: SEQUENCE SET; Schema: public; Owner: dev
--

SELECT pg_catalog.setval('public.django_content_type_id_seq', 21, true);


--
-- Name: django_migrations_id_seq; Type: SEQUENCE SET; Schema: public; Owner: dev
--

SELECT pg_catalog.setval('public.django_migrations_id_seq', 70, true);


--
-- Name: image_upload_archiveconfig_id_seq; Type: SEQUENCE SET; Schema: public; Owner: dev
--

SELECT pg_catalog.setval('public.image_upload_archiveconfig_id_seq', 1, false);


--
-- Name: image_upload_rating_id_seq; Type: SEQUENCE SET; Schema: public; Owner: dev
--

SELECT pg_catalog.setval('public.image_upload_rating_id_seq', 1, false);


--
-- Name: images_cronjoblog_id_seq; Type: SEQUENCE SET; Schema: public; Owner: dev
--

SELECT pg_catalog.setval('public.images_cronjoblog_id_seq', 1, false);


--
-- Name: images_image_id_seq; Type: SEQUENCE SET; Schema: public; Owner: dev
--

SELECT pg_catalog.setval('public.images_image_id_seq', 36, true);


--
-- Name: properties_id_seq; Type: SEQUENCE SET; Schema: public; Owner: dev
--

SELECT pg_catalog.setval('public.properties_id_seq', 1, true);


--
-- Name: reviews_id_seq; Type: SEQUENCE SET; Schema: public; Owner: dev
--

SELECT pg_catalog.setval('public.reviews_id_seq', 1, true);


--
-- Name: token_blacklist_blacklistedtoken_id_seq; Type: SEQUENCE SET; Schema: public; Owner: dev
--

SELECT pg_catalog.setval('public.token_blacklist_blacklistedtoken_id_seq', 1, false);


--
-- Name: token_blacklist_outstandingtoken_id_seq; Type: SEQUENCE SET; Schema: public; Owner: dev
--

SELECT pg_catalog.setval('public.token_blacklist_outstandingtoken_id_seq', 61, true);


--
-- Name: users_id_seq; Type: SEQUENCE SET; Schema: public; Owner: dev
--

SELECT pg_catalog.setval('public.users_id_seq', 1, true);


--
-- Name: auth_group auth_group_name_key; Type: CONSTRAINT; Schema: public; Owner: dev
--

ALTER TABLE ONLY public.auth_group
    ADD CONSTRAINT auth_group_name_key UNIQUE (name);


--
-- Name: auth_group_permissions auth_group_permissions_group_id_permission_id_0cd325b0_uniq; Type: CONSTRAINT; Schema: public; Owner: dev
--

ALTER TABLE ONLY public.auth_group_permissions
    ADD CONSTRAINT auth_group_permissions_group_id_permission_id_0cd325b0_uniq UNIQUE (group_id, permission_id);


--
-- Name: auth_group_permissions auth_group_permissions_pkey; Type: CONSTRAINT; Schema: public; Owner: dev
--

ALTER TABLE ONLY public.auth_group_permissions
    ADD CONSTRAINT auth_group_permissions_pkey PRIMARY KEY (id);


--
-- Name: auth_group auth_group_pkey; Type: CONSTRAINT; Schema: public; Owner: dev
--

ALTER TABLE ONLY public.auth_group
    ADD CONSTRAINT auth_group_pkey PRIMARY KEY (id);


--
-- Name: auth_permission auth_permission_content_type_id_codename_01ab375a_uniq; Type: CONSTRAINT; Schema: public; Owner: dev
--

ALTER TABLE ONLY public.auth_permission
    ADD CONSTRAINT auth_permission_content_type_id_codename_01ab375a_uniq UNIQUE (content_type_id, codename);


--
-- Name: auth_permission auth_permission_pkey; Type: CONSTRAINT; Schema: public; Owner: dev
--

ALTER TABLE ONLY public.auth_permission
    ADD CONSTRAINT auth_permission_pkey PRIMARY KEY (id);


--
-- Name: auth_user_groups auth_user_groups_pkey; Type: CONSTRAINT; Schema: public; Owner: dev
--

ALTER TABLE ONLY public.auth_user_groups
    ADD CONSTRAINT auth_user_groups_pkey PRIMARY KEY (id);


--
-- Name: auth_user_groups auth_user_groups_user_id_group_id_94350c0c_uniq; Type: CONSTRAINT; Schema: public; Owner: dev
--

ALTER TABLE ONLY public.auth_user_groups
    ADD CONSTRAINT auth_user_groups_user_id_group_id_94350c0c_uniq UNIQUE (user_id, group_id);


--
-- Name: auth_user auth_user_pkey; Type: CONSTRAINT; Schema: public; Owner: dev
--

ALTER TABLE ONLY public.auth_user
    ADD CONSTRAINT auth_user_pkey PRIMARY KEY (id);


--
-- Name: auth_user_user_permissions auth_user_user_permissions_pkey; Type: CONSTRAINT; Schema: public; Owner: dev
--

ALTER TABLE ONLY public.auth_user_user_permissions
    ADD CONSTRAINT auth_user_user_permissions_pkey PRIMARY KEY (id);


--
-- Name: auth_user_user_permissions auth_user_user_permissions_user_id_permission_id_14a6b632_uniq; Type: CONSTRAINT; Schema: public; Owner: dev
--

ALTER TABLE ONLY public.auth_user_user_permissions
    ADD CONSTRAINT auth_user_user_permissions_user_id_permission_id_14a6b632_uniq UNIQUE (user_id, permission_id);


--
-- Name: auth_user auth_user_username_key; Type: CONSTRAINT; Schema: public; Owner: dev
--

ALTER TABLE ONLY public.auth_user
    ADD CONSTRAINT auth_user_username_key UNIQUE (username);


--
-- Name: authtoken_token authtoken_token_pkey; Type: CONSTRAINT; Schema: public; Owner: dev
--

ALTER TABLE ONLY public.authtoken_token
    ADD CONSTRAINT authtoken_token_pkey PRIMARY KEY (key);


--
-- Name: authtoken_token authtoken_token_user_id_key; Type: CONSTRAINT; Schema: public; Owner: dev
--

ALTER TABLE ONLY public.authtoken_token
    ADD CONSTRAINT authtoken_token_user_id_key UNIQUE (user_id);


--
-- Name: django_admin_log django_admin_log_pkey; Type: CONSTRAINT; Schema: public; Owner: dev
--

ALTER TABLE ONLY public.django_admin_log
    ADD CONSTRAINT django_admin_log_pkey PRIMARY KEY (id);


--
-- Name: django_celery_beat_clockedschedule django_celery_beat_clockedschedule_pkey; Type: CONSTRAINT; Schema: public; Owner: dev
--

ALTER TABLE ONLY public.django_celery_beat_clockedschedule
    ADD CONSTRAINT django_celery_beat_clockedschedule_pkey PRIMARY KEY (id);


--
-- Name: django_celery_beat_crontabschedule django_celery_beat_crontabschedule_pkey; Type: CONSTRAINT; Schema: public; Owner: dev
--

ALTER TABLE ONLY public.django_celery_beat_crontabschedule
    ADD CONSTRAINT django_celery_beat_crontabschedule_pkey PRIMARY KEY (id);


--
-- Name: django_celery_beat_intervalschedule django_celery_beat_intervalschedule_pkey; Type: CONSTRAINT; Schema: public; Owner: dev
--

ALTER TABLE ONLY public.django_celery_beat_intervalschedule
    ADD CONSTRAINT django_celery_beat_intervalschedule_pkey PRIMARY KEY (id);


--
-- Name: django_celery_beat_periodictask django_celery_beat_periodictask_name_key; Type: CONSTRAINT; Schema: public; Owner: dev
--

ALTER TABLE ONLY public.django_celery_beat_periodictask
    ADD CONSTRAINT django_celery_beat_periodictask_name_key UNIQUE (name);


--
-- Name: django_celery_beat_periodictask django_celery_beat_periodictask_pkey; Type: CONSTRAINT; Schema: public; Owner: dev
--

ALTER TABLE ONLY public.django_celery_beat_periodictask
    ADD CONSTRAINT django_celery_beat_periodictask_pkey PRIMARY KEY (id);


--
-- Name: django_celery_beat_periodictasks django_celery_beat_periodictasks_pkey; Type: CONSTRAINT; Schema: public; Owner: dev
--

ALTER TABLE ONLY public.django_celery_beat_periodictasks
    ADD CONSTRAINT django_celery_beat_periodictasks_pkey PRIMARY KEY (ident);


--
-- Name: django_celery_beat_solarschedule django_celery_beat_solar_event_latitude_longitude_ba64999a_uniq; Type: CONSTRAINT; Schema: public; Owner: dev
--

ALTER TABLE ONLY public.django_celery_beat_solarschedule
    ADD CONSTRAINT django_celery_beat_solar_event_latitude_longitude_ba64999a_uniq UNIQUE (event, latitude, longitude);


--
-- Name: django_celery_beat_solarschedule django_celery_beat_solarschedule_pkey; Type: CONSTRAINT; Schema: public; Owner: dev
--

ALTER TABLE ONLY public.django_celery_beat_solarschedule
    ADD CONSTRAINT django_celery_beat_solarschedule_pkey PRIMARY KEY (id);


--
-- Name: django_content_type django_content_type_app_label_model_76bd3d3b_uniq; Type: CONSTRAINT; Schema: public; Owner: dev
--

ALTER TABLE ONLY public.django_content_type
    ADD CONSTRAINT django_content_type_app_label_model_76bd3d3b_uniq UNIQUE (app_label, model);


--
-- Name: django_content_type django_content_type_pkey; Type: CONSTRAINT; Schema: public; Owner: dev
--

ALTER TABLE ONLY public.django_content_type
    ADD CONSTRAINT django_content_type_pkey PRIMARY KEY (id);


--
-- Name: django_migrations django_migrations_pkey; Type: CONSTRAINT; Schema: public; Owner: dev
--

ALTER TABLE ONLY public.django_migrations
    ADD CONSTRAINT django_migrations_pkey PRIMARY KEY (id);


--
-- Name: django_session django_session_pkey; Type: CONSTRAINT; Schema: public; Owner: dev
--

ALTER TABLE ONLY public.django_session
    ADD CONSTRAINT django_session_pkey PRIMARY KEY (session_key);


--
-- Name: image_upload_archiveconfig image_upload_archiveconfig_pkey; Type: CONSTRAINT; Schema: public; Owner: dev
--

ALTER TABLE ONLY public.image_upload_archiveconfig
    ADD CONSTRAINT image_upload_archiveconfig_pkey PRIMARY KEY (id);


--
-- Name: image_upload_rating image_upload_rating_pkey; Type: CONSTRAINT; Schema: public; Owner: dev
--

ALTER TABLE ONLY public.image_upload_rating
    ADD CONSTRAINT image_upload_rating_pkey PRIMARY KEY (id);


--
-- Name: image_upload_rating image_upload_rating_user_id_image_id_594967c6_uniq; Type: CONSTRAINT; Schema: public; Owner: dev
--

ALTER TABLE ONLY public.image_upload_rating
    ADD CONSTRAINT image_upload_rating_user_id_image_id_594967c6_uniq UNIQUE (user_id, image_id);


--
-- Name: images_cronjoblog images_cronjoblog_pkey; Type: CONSTRAINT; Schema: public; Owner: dev
--

ALTER TABLE ONLY public.images_cronjoblog
    ADD CONSTRAINT images_cronjoblog_pkey PRIMARY KEY (id);


--
-- Name: images_image images_image_pkey; Type: CONSTRAINT; Schema: public; Owner: dev
--

ALTER TABLE ONLY public.images_image
    ADD CONSTRAINT images_image_pkey PRIMARY KEY (id);


--
-- Name: properties properties_pkey; Type: CONSTRAINT; Schema: public; Owner: dev
--

ALTER TABLE ONLY public.properties
    ADD CONSTRAINT properties_pkey PRIMARY KEY (id);


--
-- Name: reviews reviews_pkey; Type: CONSTRAINT; Schema: public; Owner: dev
--

ALTER TABLE ONLY public.reviews
    ADD CONSTRAINT reviews_pkey PRIMARY KEY (id);


--
-- Name: token_blacklist_blacklistedtoken token_blacklist_blacklistedtoken_pkey; Type: CONSTRAINT; Schema: public; Owner: dev
--

ALTER TABLE ONLY public.token_blacklist_blacklistedtoken
    ADD CONSTRAINT token_blacklist_blacklistedtoken_pkey PRIMARY KEY (id);


--
-- Name: token_blacklist_blacklistedtoken token_blacklist_blacklistedtoken_token_id_key; Type: CONSTRAINT; Schema: public; Owner: dev
--

ALTER TABLE ONLY public.token_blacklist_blacklistedtoken
    ADD CONSTRAINT token_blacklist_blacklistedtoken_token_id_key UNIQUE (token_id);


--
-- Name: token_blacklist_outstandingtoken token_blacklist_outstandingtoken_jti_hex_d9bdf6f7_uniq; Type: CONSTRAINT; Schema: public; Owner: dev
--

ALTER TABLE ONLY public.token_blacklist_outstandingtoken
    ADD CONSTRAINT token_blacklist_outstandingtoken_jti_hex_d9bdf6f7_uniq UNIQUE (jti);


--
-- Name: token_blacklist_outstandingtoken token_blacklist_outstandingtoken_pkey; Type: CONSTRAINT; Schema: public; Owner: dev
--

ALTER TABLE ONLY public.token_blacklist_outstandingtoken
    ADD CONSTRAINT token_blacklist_outstandingtoken_pkey PRIMARY KEY (id);


--
-- Name: users users_email_key; Type: CONSTRAINT; Schema: public; Owner: dev
--

ALTER TABLE ONLY public.users
    ADD CONSTRAINT users_email_key UNIQUE (email);


--
-- Name: users users_pkey; Type: CONSTRAINT; Schema: public; Owner: dev
--

ALTER TABLE ONLY public.users
    ADD CONSTRAINT users_pkey PRIMARY KEY (id);


--
-- Name: auth_group_name_a6ea08ec_like; Type: INDEX; Schema: public; Owner: dev
--

CREATE INDEX auth_group_name_a6ea08ec_like ON public.auth_group USING btree (name varchar_pattern_ops);


--
-- Name: auth_group_permissions_group_id_b120cbf9; Type: INDEX; Schema: public; Owner: dev
--

CREATE INDEX auth_group_permissions_group_id_b120cbf9 ON public.auth_group_permissions USING btree (group_id);


--
-- Name: auth_group_permissions_permission_id_84c5c92e; Type: INDEX; Schema: public; Owner: dev
--

CREATE INDEX auth_group_permissions_permission_id_84c5c92e ON public.auth_group_permissions USING btree (permission_id);


--
-- Name: auth_permission_content_type_id_2f476e4b; Type: INDEX; Schema: public; Owner: dev
--

CREATE INDEX auth_permission_content_type_id_2f476e4b ON public.auth_permission USING btree (content_type_id);


--
-- Name: auth_user_groups_group_id_97559544; Type: INDEX; Schema: public; Owner: dev
--

CREATE INDEX auth_user_groups_group_id_97559544 ON public.auth_user_groups USING btree (group_id);


--
-- Name: auth_user_groups_user_id_6a12ed8b; Type: INDEX; Schema: public; Owner: dev
--

CREATE INDEX auth_user_groups_user_id_6a12ed8b ON public.auth_user_groups USING btree (user_id);


--
-- Name: auth_user_user_permissions_permission_id_1fbb5f2c; Type: INDEX; Schema: public; Owner: dev
--

CREATE INDEX auth_user_user_permissions_permission_id_1fbb5f2c ON public.auth_user_user_permissions USING btree (permission_id);


--
-- Name: auth_user_user_permissions_user_id_a95ead1b; Type: INDEX; Schema: public; Owner: dev
--

CREATE INDEX auth_user_user_permissions_user_id_a95ead1b ON public.auth_user_user_permissions USING btree (user_id);


--
-- Name: auth_user_username_6821ab7c_like; Type: INDEX; Schema: public; Owner: dev
--

CREATE INDEX auth_user_username_6821ab7c_like ON public.auth_user USING btree (username varchar_pattern_ops);


--
-- Name: authtoken_token_key_10f0b77e_like; Type: INDEX; Schema: public; Owner: dev
--

CREATE INDEX authtoken_token_key_10f0b77e_like ON public.authtoken_token USING btree (key varchar_pattern_ops);


--
-- Name: django_admin_log_content_type_id_c4bce8eb; Type: INDEX; Schema: public; Owner: dev
--

CREATE INDEX django_admin_log_content_type_id_c4bce8eb ON public.django_admin_log USING btree (content_type_id);


--
-- Name: django_admin_log_user_id_c564eba6; Type: INDEX; Schema: public; Owner: dev
--

CREATE INDEX django_admin_log_user_id_c564eba6 ON public.django_admin_log USING btree (user_id);


--
-- Name: django_celery_beat_periodictask_clocked_id_47a69f82; Type: INDEX; Schema: public; Owner: dev
--

CREATE INDEX django_celery_beat_periodictask_clocked_id_47a69f82 ON public.django_celery_beat_periodictask USING btree (clocked_id);


--
-- Name: django_celery_beat_periodictask_crontab_id_d3cba168; Type: INDEX; Schema: public; Owner: dev
--

CREATE INDEX django_celery_beat_periodictask_crontab_id_d3cba168 ON public.django_celery_beat_periodictask USING btree (crontab_id);


--
-- Name: django_celery_beat_periodictask_interval_id_a8ca27da; Type: INDEX; Schema: public; Owner: dev
--

CREATE INDEX django_celery_beat_periodictask_interval_id_a8ca27da ON public.django_celery_beat_periodictask USING btree (interval_id);


--
-- Name: django_celery_beat_periodictask_name_265a36b7_like; Type: INDEX; Schema: public; Owner: dev
--

CREATE INDEX django_celery_beat_periodictask_name_265a36b7_like ON public.django_celery_beat_periodictask USING btree (name varchar_pattern_ops);


--
-- Name: django_celery_beat_periodictask_solar_id_a87ce72c; Type: INDEX; Schema: public; Owner: dev
--

CREATE INDEX django_celery_beat_periodictask_solar_id_a87ce72c ON public.django_celery_beat_periodictask USING btree (solar_id);


--
-- Name: django_session_expire_date_a5c62663; Type: INDEX; Schema: public; Owner: dev
--

CREATE INDEX django_session_expire_date_a5c62663 ON public.django_session USING btree (expire_date);


--
-- Name: django_session_session_key_c0390e0f_like; Type: INDEX; Schema: public; Owner: dev
--

CREATE INDEX django_session_session_key_c0390e0f_like ON public.django_session USING btree (session_key varchar_pattern_ops);


--
-- Name: image_upload_rating_image_id_c7fe194c; Type: INDEX; Schema: public; Owner: dev
--

CREATE INDEX image_upload_rating_image_id_c7fe194c ON public.image_upload_rating USING btree (image_id);


--
-- Name: image_upload_rating_user_id_1b585fef; Type: INDEX; Schema: public; Owner: dev
--

CREATE INDEX image_upload_rating_user_id_1b585fef ON public.image_upload_rating USING btree (user_id);


--
-- Name: token_blacklist_outstandingtoken_jti_hex_d9bdf6f7_like; Type: INDEX; Schema: public; Owner: dev
--

CREATE INDEX token_blacklist_outstandingtoken_jti_hex_d9bdf6f7_like ON public.token_blacklist_outstandingtoken USING btree (jti varchar_pattern_ops);


--
-- Name: token_blacklist_outstandingtoken_user_id_83bc629a; Type: INDEX; Schema: public; Owner: dev
--

CREATE INDEX token_blacklist_outstandingtoken_user_id_83bc629a ON public.token_blacklist_outstandingtoken USING btree (user_id);


--
-- Name: auth_group_permissions auth_group_permissio_permission_id_84c5c92e_fk_auth_perm; Type: FK CONSTRAINT; Schema: public; Owner: dev
--

ALTER TABLE ONLY public.auth_group_permissions
    ADD CONSTRAINT auth_group_permissio_permission_id_84c5c92e_fk_auth_perm FOREIGN KEY (permission_id) REFERENCES public.auth_permission(id) DEFERRABLE INITIALLY DEFERRED;


--
-- Name: auth_group_permissions auth_group_permissions_group_id_b120cbf9_fk_auth_group_id; Type: FK CONSTRAINT; Schema: public; Owner: dev
--

ALTER TABLE ONLY public.auth_group_permissions
    ADD CONSTRAINT auth_group_permissions_group_id_b120cbf9_fk_auth_group_id FOREIGN KEY (group_id) REFERENCES public.auth_group(id) DEFERRABLE INITIALLY DEFERRED;


--
-- Name: auth_permission auth_permission_content_type_id_2f476e4b_fk_django_co; Type: FK CONSTRAINT; Schema: public; Owner: dev
--

ALTER TABLE ONLY public.auth_permission
    ADD CONSTRAINT auth_permission_content_type_id_2f476e4b_fk_django_co FOREIGN KEY (content_type_id) REFERENCES public.django_content_type(id) DEFERRABLE INITIALLY DEFERRED;


--
-- Name: auth_user_groups auth_user_groups_group_id_97559544_fk_auth_group_id; Type: FK CONSTRAINT; Schema: public; Owner: dev
--

ALTER TABLE ONLY public.auth_user_groups
    ADD CONSTRAINT auth_user_groups_group_id_97559544_fk_auth_group_id FOREIGN KEY (group_id) REFERENCES public.auth_group(id) DEFERRABLE INITIALLY DEFERRED;


--
-- Name: auth_user_groups auth_user_groups_user_id_6a12ed8b_fk_auth_user_id; Type: FK CONSTRAINT; Schema: public; Owner: dev
--

ALTER TABLE ONLY public.auth_user_groups
    ADD CONSTRAINT auth_user_groups_user_id_6a12ed8b_fk_auth_user_id FOREIGN KEY (user_id) REFERENCES public.auth_user(id) DEFERRABLE INITIALLY DEFERRED;


--
-- Name: auth_user_user_permissions auth_user_user_permi_permission_id_1fbb5f2c_fk_auth_perm; Type: FK CONSTRAINT; Schema: public; Owner: dev
--

ALTER TABLE ONLY public.auth_user_user_permissions
    ADD CONSTRAINT auth_user_user_permi_permission_id_1fbb5f2c_fk_auth_perm FOREIGN KEY (permission_id) REFERENCES public.auth_permission(id) DEFERRABLE INITIALLY DEFERRED;


--
-- Name: auth_user_user_permissions auth_user_user_permissions_user_id_a95ead1b_fk_auth_user_id; Type: FK CONSTRAINT; Schema: public; Owner: dev
--

ALTER TABLE ONLY public.auth_user_user_permissions
    ADD CONSTRAINT auth_user_user_permissions_user_id_a95ead1b_fk_auth_user_id FOREIGN KEY (user_id) REFERENCES public.auth_user(id) DEFERRABLE INITIALLY DEFERRED;


--
-- Name: authtoken_token authtoken_token_user_id_35299eff_fk_auth_user_id; Type: FK CONSTRAINT; Schema: public; Owner: dev
--

ALTER TABLE ONLY public.authtoken_token
    ADD CONSTRAINT authtoken_token_user_id_35299eff_fk_auth_user_id FOREIGN KEY (user_id) REFERENCES public.auth_user(id) DEFERRABLE INITIALLY DEFERRED;


--
-- Name: django_admin_log django_admin_log_content_type_id_c4bce8eb_fk_django_co; Type: FK CONSTRAINT; Schema: public; Owner: dev
--

ALTER TABLE ONLY public.django_admin_log
    ADD CONSTRAINT django_admin_log_content_type_id_c4bce8eb_fk_django_co FOREIGN KEY (content_type_id) REFERENCES public.django_content_type(id) DEFERRABLE INITIALLY DEFERRED;


--
-- Name: django_admin_log django_admin_log_user_id_c564eba6_fk_auth_user_id; Type: FK CONSTRAINT; Schema: public; Owner: dev
--

ALTER TABLE ONLY public.django_admin_log
    ADD CONSTRAINT django_admin_log_user_id_c564eba6_fk_auth_user_id FOREIGN KEY (user_id) REFERENCES public.auth_user(id) DEFERRABLE INITIALLY DEFERRED;


--
-- Name: django_celery_beat_periodictask django_celery_beat_p_clocked_id_47a69f82_fk_django_ce; Type: FK CONSTRAINT; Schema: public; Owner: dev
--

ALTER TABLE ONLY public.django_celery_beat_periodictask
    ADD CONSTRAINT django_celery_beat_p_clocked_id_47a69f82_fk_django_ce FOREIGN KEY (clocked_id) REFERENCES public.django_celery_beat_clockedschedule(id) DEFERRABLE INITIALLY DEFERRED;


--
-- Name: django_celery_beat_periodictask django_celery_beat_p_crontab_id_d3cba168_fk_django_ce; Type: FK CONSTRAINT; Schema: public; Owner: dev
--

ALTER TABLE ONLY public.django_celery_beat_periodictask
    ADD CONSTRAINT django_celery_beat_p_crontab_id_d3cba168_fk_django_ce FOREIGN KEY (crontab_id) REFERENCES public.django_celery_beat_crontabschedule(id) DEFERRABLE INITIALLY DEFERRED;


--
-- Name: django_celery_beat_periodictask django_celery_beat_p_interval_id_a8ca27da_fk_django_ce; Type: FK CONSTRAINT; Schema: public; Owner: dev
--

ALTER TABLE ONLY public.django_celery_beat_periodictask
    ADD CONSTRAINT django_celery_beat_p_interval_id_a8ca27da_fk_django_ce FOREIGN KEY (interval_id) REFERENCES public.django_celery_beat_intervalschedule(id) DEFERRABLE INITIALLY DEFERRED;


--
-- Name: django_celery_beat_periodictask django_celery_beat_p_solar_id_a87ce72c_fk_django_ce; Type: FK CONSTRAINT; Schema: public; Owner: dev
--

ALTER TABLE ONLY public.django_celery_beat_periodictask
    ADD CONSTRAINT django_celery_beat_p_solar_id_a87ce72c_fk_django_ce FOREIGN KEY (solar_id) REFERENCES public.django_celery_beat_solarschedule(id) DEFERRABLE INITIALLY DEFERRED;


--
-- Name: image_upload_rating image_upload_rating_user_id_1b585fef_fk_auth_user_id; Type: FK CONSTRAINT; Schema: public; Owner: dev
--

ALTER TABLE ONLY public.image_upload_rating
    ADD CONSTRAINT image_upload_rating_user_id_1b585fef_fk_auth_user_id FOREIGN KEY (user_id) REFERENCES public.auth_user(id) DEFERRABLE INITIALLY DEFERRED;


--
-- Name: properties properties_owner_id_fkey; Type: FK CONSTRAINT; Schema: public; Owner: dev
--

ALTER TABLE ONLY public.properties
    ADD CONSTRAINT properties_owner_id_fkey FOREIGN KEY (owner_id) REFERENCES public.users(id);


--
-- Name: reviews reviews_property_id_fkey; Type: FK CONSTRAINT; Schema: public; Owner: dev
--

ALTER TABLE ONLY public.reviews
    ADD CONSTRAINT reviews_property_id_fkey FOREIGN KEY (property_id) REFERENCES public.properties(id);


--
-- Name: reviews reviews_user_id_fkey; Type: FK CONSTRAINT; Schema: public; Owner: dev
--

ALTER TABLE ONLY public.reviews
    ADD CONSTRAINT reviews_user_id_fkey FOREIGN KEY (user_id) REFERENCES public.users(id);


--
-- Name: token_blacklist_blacklistedtoken token_blacklist_blacklistedtoken_token_id_3cc7fe56_fk; Type: FK CONSTRAINT; Schema: public; Owner: dev
--

ALTER TABLE ONLY public.token_blacklist_blacklistedtoken
    ADD CONSTRAINT token_blacklist_blacklistedtoken_token_id_3cc7fe56_fk FOREIGN KEY (token_id) REFERENCES public.token_blacklist_outstandingtoken(id) DEFERRABLE INITIALLY DEFERRED;


--
-- Name: token_blacklist_outstandingtoken token_blacklist_outs_user_id_83bc629a_fk_auth_user; Type: FK CONSTRAINT; Schema: public; Owner: dev
--

ALTER TABLE ONLY public.token_blacklist_outstandingtoken
    ADD CONSTRAINT token_blacklist_outs_user_id_83bc629a_fk_auth_user FOREIGN KEY (user_id) REFERENCES public.auth_user(id) DEFERRABLE INITIALLY DEFERRED;


--
-- PostgreSQL database dump complete
--

